[{"model": "contenttypes.contenttype", "pk": 1, "fields": {"app_label": "admin", "model": "logentry"}}, {"model": "contenttypes.contenttype", "pk": 2, "fields": {"app_label": "auth", "model": "permission"}}, {"model": "contenttypes.contenttype", "pk": 3, "fields": {"app_label": "auth", "model": "group"}}, {"model": "contenttypes.contenttype", "pk": 4, "fields": {"app_label": "auth", "model": "user"}}, {"model": "contenttypes.contenttype", "pk": 5, "fields": {"app_label": "contenttypes", "model": "contenttype"}}, {"model": "contenttypes.contenttype", "pk": 6, "fields": {"app_label": "sessions", "model": "session"}}, {"model": "contenttypes.contenttype", "pk": 7, "fields": {"app_label": "blog", "model": "blogs"}}, {"model": "contenttypes.contenttype", "pk": 8, "fields": {"app_label": "blog", "model": "blogtype"}}, {"model": "contenttypes.contenttype", "pk": 9, "fields": {"app_label": "comment", "model": "comment"}}, {"model": "contenttypes.contenttype", "pk": 10, "fields": {"app_label": "image", "model": "img"}}, {"model": "contenttypes.contenttype", "pk": 11, "fields": {"app_label": "captcha", "model": "captchastore"}}, {"model": "contenttypes.contenttype", "pk": 12, "fields": {"app_label": "like", "model": "likecount"}}, {"model": "contenttypes.contenttype", "pk": 13, "fields": {"app_label": "like", "model": "likerecord"}}, {"model": "contenttypes.contenttype", "pk": 14, "fields": {"app_label": "comment", "model": "message"}}, {"model": "sessions.session", "pk": "6qhlmh5izyidso80sggoe82nteidreil", "fields": {"session_data": "ZjI0ZDg3MjFlOWJmYjk4Mzc4MWFmOTRlOWM1NzUwMTgxNDhjMDhiNDp7Il9hdXRoX3VzZXJfaWQiOiIxIiwiX2F1dGhfdXNlcl9iYWNrZW5kIjoiZGphbmdvLmNvbnRyaWIuYXV0aC5iYWNrZW5kcy5Nb2RlbEJhY2tlbmQiLCJfYXV0aF91c2VyX2hhc2giOiIwNjhmNTUyZmM0NDk3NGUxZDU4N2U4NmJmNmIzY2NkNjBiNmM4NzM3In0=", "expire_date": "2018-06-24T15:02:07.876Z"}}, {"model": "sessions.session", "pk": "bzk1o3xvvlasx0v2jvf133k077wchept", "fields": {"session_data": "MzAyZWQ4Yzc2ODllNmM1YjdmMjcxOGQzMTg2NzYyNmQ4ZDk3YTg2MTp7Il9hdXRoX3VzZXJfaWQiOiIzIiwiX2F1dGhfdXNlcl9iYWNrZW5kIjoiZGphbmdvLmNvbnRyaWIuYXV0aC5iYWNrZW5kcy5Nb2RlbEJhY2tlbmQiLCJfYXV0aF91c2VyX2hhc2giOiIxM2UyYTM1NDFjNjI2MGM4MTJjZTRiN2QxOTc0Nzk1ZDJkYjQ1YmNlIn0=", "expire_date": "2018-06-17T12:06:04.844Z"}}, {"model": "sessions.session", "pk": "rcz8pdtpcxytg9x476shmgiafg0jnn33", "fields": {"session_data": "ZjI0ZDg3MjFlOWJmYjk4Mzc4MWFmOTRlOWM1NzUwMTgxNDhjMDhiNDp7Il9hdXRoX3VzZXJfaWQiOiIxIiwiX2F1dGhfdXNlcl9iYWNrZW5kIjoiZGphbmdvLmNvbnRyaWIuYXV0aC5iYWNrZW5kcy5Nb2RlbEJhY2tlbmQiLCJfYXV0aF91c2VyX2hhc2giOiIwNjhmNTUyZmM0NDk3NGUxZDU4N2U4NmJmNmIzY2NkNjBiNmM4NzM3In0=", "expire_date": "2018-07-03T09:49:07.597Z"}}, {"model": "sessions.session", "pk": "snqeoe32031ktlbqvpl5y2l55h72gmia", "fields": {"session_data": "ZjI0ZDg3MjFlOWJmYjk4Mzc4MWFmOTRlOWM1NzUwMTgxNDhjMDhiNDp7Il9hdXRoX3VzZXJfaWQiOiIxIiwiX2F1dGhfdXNlcl9iYWNrZW5kIjoiZGphbmdvLmNvbnRyaWIuYXV0aC5iYWNrZW5kcy5Nb2RlbEJhY2tlbmQiLCJfYXV0aF91c2VyX2hhc2giOiIwNjhmNTUyZmM0NDk3NGUxZDU4N2U4NmJmNmIzY2NkNjBiNmM4NzM3In0=", "expire_date": "2018-06-20T09:16:07.843Z"}}, {"model": "sessions.session", "pk": "tvxr3bfu3fcqs0rsufpljbomp46g9y4f", "fields": {"session_data": "OWM2ODcyOWJiODk4NmYzZTIzNTBhZDZhODhmYjU1NGViZThiNDkwODp7Il9hdXRoX3VzZXJfaWQiOiIyIiwiX2F1dGhfdXNlcl9iYWNrZW5kIjoiZGphbmdvLmNvbnRyaWIuYXV0aC5iYWNrZW5kcy5Nb2RlbEJhY2tlbmQiLCJfYXV0aF91c2VyX2hhc2giOiIyZWExZmFhNmZhZjBhYWYzZThjNjgyYzA0OGVmNjcxYmU0YWE4MTY5In0=", "expire_date": "2018-06-27T15:53:24.338Z"}}, {"model": "blog.blogtype", "pk": 1, "fields": {"type_name": "\u968f\u7b14"}}, {"model": "blog.blogtype", "pk": 2, "fields": {"type_name": "Django"}}, {"model": "blog.blogtype", "pk": 3, "fields": {"type_name": "Python"}}, {"model": "blog.blogtype", "pk": 4, "fields": {"type_name": "Html"}}, {"model": "blog.blogtype", "pk": 5, "fields": {"type_name": "CSS"}}, {"model": "blog.blogtype", "pk": 6, "fields": {"type_name": "Javascript"}}, {"model": "blog.blogtype", "pk": 7, "fields": {"type_name": "\u673a\u5668\u5b66\u4e60"}}, {"model": "blog.blogtype", "pk": 8, "fields": {"type_name": "\u6570\u636e\u5e93"}}, {"model": "blog.blogtype", "pk": 9, "fields": {"type_name": "\u6570\u636e\u5206\u6790"}}, {"model": "blog.blogtype", "pk": 10, "fields": {"type_name": "\u722c\u866b"}}, {"model": "blog.blogtype", "pk": 11, "fields": {"type_name": "\u601d\u60f3or\u7b97\u6cd5"}}, {"model": "blog.blogtype", "pk": 12, "fields": {"type_name": "Linux"}}, {"model": "image.img", "pk": 1, "fields": {"name": "favorite.ico", "img_url": "img/favorite_vB2uq2Z.ico"}}, {"model": "captcha.captchastore", "pk": 1580, "fields": {"challenge": "COSB", "response": "cosb", "hashkey": "6e0394ce33019a4fa492b1d592222772c39a20f3", "expiration": "2018-06-13T15:56:59.550Z"}}, {"model": "captcha.captchastore", "pk": 1582, "fields": {"challenge": "TIDW", "response": "tidw", "hashkey": "d4d64e6ad32802f8039201213b9640c978b17c68", "expiration": "2018-06-13T15:57:55.635Z"}}, {"model": "captcha.captchastore", "pk": 1584, "fields": {"challenge": "XVMS", "response": "xvms", "hashkey": "34f2f3c250902981458fbe8ddf52ad3e189cb250", "expiration": "2018-06-14T07:07:38.971Z"}}, {"model": "captcha.captchastore", "pk": 1585, "fields": {"challenge": "TIMT", "response": "timt", "hashkey": "0a6ed938cdebd26f8c7e38f820da00dfd9ce758d", "expiration": "2018-06-15T00:53:26.623Z"}}, {"model": "captcha.captchastore", "pk": 1586, "fields": {"challenge": "AOMF", "response": "aomf", "hashkey": "a2231b7e7d0e73a063a2796268306672be855985", "expiration": "2018-06-15T08:58:38.806Z"}}, {"model": "captcha.captchastore", "pk": 1587, "fields": {"challenge": "VCLM", "response": "vclm", "hashkey": "0f32ddf2ac689be233f3dd7cacc4b180c547ccaa", "expiration": "2018-06-16T01:11:03.250Z"}}, {"model": "captcha.captchastore", "pk": 1588, "fields": {"challenge": "WWAU", "response": "wwau", "hashkey": "ece3b4b000444861294ccc6c6cf0efa32cfceacf", "expiration": "2018-06-16T14:44:31.381Z"}}, {"model": "captcha.captchastore", "pk": 1589, "fields": {"challenge": "CSBG", "response": "csbg", "hashkey": "79f513a4eca9ad33d69b1d3531a0f324994d78f0", "expiration": "2018-06-17T17:42:11.424Z"}}, {"model": "captcha.captchastore", "pk": 1590, "fields": {"challenge": "WWFB", "response": "wwfb", "hashkey": "07191d40176b47e0e75d1c543fabfb4f282cb69d", "expiration": "2018-06-17T22:11:10.409Z"}}, {"model": "captcha.captchastore", "pk": 1591, "fields": {"challenge": "UWKF", "response": "uwkf", "hashkey": "2a482437552945e660dc8f0b8d6ff00fca3235ef", "expiration": "2018-06-18T08:42:46.296Z"}}, {"model": "captcha.captchastore", "pk": 1592, "fields": {"challenge": "BWSH", "response": "bwsh", "hashkey": "e52aed3f97b4c0140b47084801c506d6a474ba1d", "expiration": "2018-06-19T09:47:43.336Z"}}, {"model": "captcha.captchastore", "pk": 1593, "fields": {"challenge": "ODPW", "response": "odpw", "hashkey": "0afa41df11a069e58bbee1269cbb7f0bfb96ec66", "expiration": "2018-06-19T09:47:45.023Z"}}, {"model": "captcha.captchastore", "pk": 1594, "fields": {"challenge": "ODJG", "response": "odjg", "hashkey": "81080ac1094cfedfa5325c0035057a699ab4e841", "expiration": "2018-06-19T09:47:46.124Z"}}, {"model": "captcha.captchastore", "pk": 1595, "fields": {"challenge": "OPYB", "response": "opyb", "hashkey": "a97919a5e3905b1ef05f001fc0a8d11d390b7f51", "expiration": "2018-06-19T09:47:47.484Z"}}, {"model": "captcha.captchastore", "pk": 1596, "fields": {"challenge": "KTWJ", "response": "ktwj", "hashkey": "7c60a19662a02679ee19d680ba2cf670fbfabfee", "expiration": "2018-06-19T09:47:51.238Z"}}, {"model": "captcha.captchastore", "pk": 1597, "fields": {"challenge": "UUIR", "response": "uuir", "hashkey": "27d7d0b599c913899535d97992611ca33f273372", "expiration": "2018-06-19T09:47:53.309Z"}}, {"model": "captcha.captchastore", "pk": 1598, "fields": {"challenge": "JTTH", "response": "jtth", "hashkey": "d33f60db2ec65d937e46bc9ee7b42a7a5320a4b0", "expiration": "2018-06-19T09:47:54.359Z"}}, {"model": "captcha.captchastore", "pk": 1599, "fields": {"challenge": "MUUD", "response": "muud", "hashkey": "3af5a8648d3067f2acf27e31f476cf0aad63bf61", "expiration": "2018-06-19T09:47:55.316Z"}}, {"model": "captcha.captchastore", "pk": 1600, "fields": {"challenge": "QZVS", "response": "qzvs", "hashkey": "e0d9ff678c77f9c2f1e9e5ecdbbe78f7caad2c27", "expiration": "2018-06-19T09:47:56.311Z"}}, {"model": "captcha.captchastore", "pk": 1601, "fields": {"challenge": "BTJT", "response": "btjt", "hashkey": "b1a971eeddf0cc606322a6eb81c809d6a555d1e3", "expiration": "2018-06-19T09:47:57.415Z"}}, {"model": "captcha.captchastore", "pk": 1602, "fields": {"challenge": "YQDX", "response": "yqdx", "hashkey": "9af7255491dd49d5a2229714f14c2a5422679471", "expiration": "2018-06-19T09:47:58.735Z"}}, {"model": "captcha.captchastore", "pk": 1603, "fields": {"challenge": "NNQF", "response": "nnqf", "hashkey": "354c61aeaf45a05ab7b12a4b0e33d9dc81fe5090", "expiration": "2018-06-19T09:48:43.453Z"}}, {"model": "captcha.captchastore", "pk": 1604, "fields": {"challenge": "ZQNY", "response": "zqny", "hashkey": "4f242fd2d763868922d8ea96edcf795dd9052a0f", "expiration": "2018-06-19T09:48:46.197Z"}}, {"model": "captcha.captchastore", "pk": 1605, "fields": {"challenge": "LLDY", "response": "lldy", "hashkey": "348813f5967d31c53e2787702437fff6a9fc8507", "expiration": "2018-06-21T20:12:14.827Z"}}, {"model": "like.likecount", "pk": 1, "fields": {"content_type": 7, "object_id": 10, "liked_num": 2}}, {"model": "like.likecount", "pk": 2, "fields": {"content_type": 7, "object_id": 1, "liked_num": 1}}, {"model": "like.likecount", "pk": 3, "fields": {"content_type": 9, "object_id": 27, "liked_num": 0}}, {"model": "like.likecount", "pk": 4, "fields": {"content_type": 9, "object_id": 25, "liked_num": 0}}, {"model": "like.likecount", "pk": 5, "fields": {"content_type": 9, "object_id": 24, "liked_num": 0}}, {"model": "like.likecount", "pk": 6, "fields": {"content_type": 9, "object_id": 7, "liked_num": 0}}, {"model": "like.likecount", "pk": 7, "fields": {"content_type": 9, "object_id": 11, "liked_num": 0}}, {"model": "like.likecount", "pk": 8, "fields": {"content_type": 9, "object_id": 6, "liked_num": 0}}, {"model": "like.likecount", "pk": 9, "fields": {"content_type": 9, "object_id": 5, "liked_num": 0}}, {"model": "like.likecount", "pk": 10, "fields": {"content_type": 9, "object_id": 3, "liked_num": 0}}, {"model": "like.likecount", "pk": 11, "fields": {"content_type": 9, "object_id": 4, "liked_num": 0}}, {"model": "like.likecount", "pk": 12, "fields": {"content_type": 9, "object_id": 1, "liked_num": 0}}, {"model": "like.likecount", "pk": 13, "fields": {"content_type": 9, "object_id": 2, "liked_num": 0}}, {"model": "like.likecount", "pk": 14, "fields": {"content_type": 7, "object_id": 7, "liked_num": 0}}, {"model": "like.likecount", "pk": 15, "fields": {"content_type": 9, "object_id": 23, "liked_num": 0}}, {"model": "like.likecount", "pk": 16, "fields": {"content_type": 9, "object_id": 18, "liked_num": 0}}, {"model": "like.likecount", "pk": 17, "fields": {"content_type": 9, "object_id": 17, "liked_num": 0}}, {"model": "like.likecount", "pk": 18, "fields": {"content_type": 9, "object_id": 16, "liked_num": 0}}, {"model": "like.likecount", "pk": 19, "fields": {"content_type": 7, "object_id": 9, "liked_num": 1}}, {"model": "like.likecount", "pk": 20, "fields": {"content_type": 9, "object_id": 26, "liked_num": 1}}, {"model": "like.likecount", "pk": 21, "fields": {"content_type": 9, "object_id": 28, "liked_num": 1}}, {"model": "like.likecount", "pk": 22, "fields": {"content_type": 7, "object_id": 5, "liked_num": 2}}, {"model": "like.likecount", "pk": 23, "fields": {"content_type": 9, "object_id": 22, "liked_num": 1}}, {"model": "like.likecount", "pk": 24, "fields": {"content_type": 9, "object_id": 21, "liked_num": 0}}, {"model": "like.likecount", "pk": 25, "fields": {"content_type": 9, "object_id": 20, "liked_num": 0}}, {"model": "like.likecount", "pk": 26, "fields": {"content_type": 9, "object_id": 19, "liked_num": 0}}, {"model": "like.likecount", "pk": 27, "fields": {"content_type": 9, "object_id": 13, "liked_num": 0}}, {"model": "like.likecount", "pk": 28, "fields": {"content_type": 7, "object_id": 3, "liked_num": 1}}, {"model": "like.likecount", "pk": 29, "fields": {"content_type": 9, "object_id": 10, "liked_num": 1}}, {"model": "like.likecount", "pk": 30, "fields": {"content_type": 7, "object_id": 11, "liked_num": 1}}, {"model": "like.likecount", "pk": 31, "fields": {"content_type": 7, "object_id": 2, "liked_num": 0}}, {"model": "like.likecount", "pk": 32, "fields": {"content_type": 9, "object_id": 9, "liked_num": 0}}, {"model": "like.likecount", "pk": 33, "fields": {"content_type": 9, "object_id": 12, "liked_num": 0}}, {"model": "like.likecount", "pk": 34, "fields": {"content_type": 9, "object_id": 8, "liked_num": 0}}, {"model": "like.likecount", "pk": 35, "fields": {"content_type": 7, "object_id": 4, "liked_num": 0}}, {"model": "like.likecount", "pk": 36, "fields": {"content_type": 9, "object_id": 14, "liked_num": 0}}, {"model": "like.likecount", "pk": 37, "fields": {"content_type": 14, "object_id": 1, "liked_num": 0}}, {"model": "like.likecount", "pk": 38, "fields": {"content_type": 14, "object_id": 2, "liked_num": 0}}, {"model": "like.likecount", "pk": 39, "fields": {"content_type": 14, "object_id": 3, "liked_num": 0}}, {"model": "like.likecount", "pk": 40, "fields": {"content_type": 14, "object_id": 4, "liked_num": 1}}, {"model": "like.likecount", "pk": 41, "fields": {"content_type": 14, "object_id": 5, "liked_num": 0}}, {"model": "like.likecount", "pk": 42, "fields": {"content_type": 14, "object_id": 6, "liked_num": 0}}, {"model": "like.likecount", "pk": 43, "fields": {"content_type": 7, "object_id": 12, "liked_num": 1}}, {"model": "auth.permission", "pk": 1, "fields": {"name": "Can add log entry", "content_type": 1, "codename": "add_logentry"}}, {"model": "auth.permission", "pk": 2, "fields": {"name": "Can change log entry", "content_type": 1, "codename": "change_logentry"}}, {"model": "auth.permission", "pk": 3, "fields": {"name": "Can delete log entry", "content_type": 1, "codename": "delete_logentry"}}, {"model": "auth.permission", "pk": 4, "fields": {"name": "Can add permission", "content_type": 2, "codename": "add_permission"}}, {"model": "auth.permission", "pk": 5, "fields": {"name": "Can change permission", "content_type": 2, "codename": "change_permission"}}, {"model": "auth.permission", "pk": 6, "fields": {"name": "Can delete permission", "content_type": 2, "codename": "delete_permission"}}, {"model": "auth.permission", "pk": 7, "fields": {"name": "Can add group", "content_type": 3, "codename": "add_group"}}, {"model": "auth.permission", "pk": 8, "fields": {"name": "Can change group", "content_type": 3, "codename": "change_group"}}, {"model": "auth.permission", "pk": 9, "fields": {"name": "Can delete group", "content_type": 3, "codename": "delete_group"}}, {"model": "auth.permission", "pk": 10, "fields": {"name": "Can add user", "content_type": 4, "codename": "add_user"}}, {"model": "auth.permission", "pk": 11, "fields": {"name": "Can change user", "content_type": 4, "codename": "change_user"}}, {"model": "auth.permission", "pk": 12, "fields": {"name": "Can delete user", "content_type": 4, "codename": "delete_user"}}, {"model": "auth.permission", "pk": 13, "fields": {"name": "Can add content type", "content_type": 5, "codename": "add_contenttype"}}, {"model": "auth.permission", "pk": 14, "fields": {"name": "Can change content type", "content_type": 5, "codename": "change_contenttype"}}, {"model": "auth.permission", "pk": 15, "fields": {"name": "Can delete content type", "content_type": 5, "codename": "delete_contenttype"}}, {"model": "auth.permission", "pk": 16, "fields": {"name": "Can add session", "content_type": 6, "codename": "add_session"}}, {"model": "auth.permission", "pk": 17, "fields": {"name": "Can change session", "content_type": 6, "codename": "change_session"}}, {"model": "auth.permission", "pk": 18, "fields": {"name": "Can delete session", "content_type": 6, "codename": "delete_session"}}, {"model": "auth.permission", "pk": 19, "fields": {"name": "Can add blogs", "content_type": 7, "codename": "add_blogs"}}, {"model": "auth.permission", "pk": 20, "fields": {"name": "Can change blogs", "content_type": 7, "codename": "change_blogs"}}, {"model": "auth.permission", "pk": 21, "fields": {"name": "Can delete blogs", "content_type": 7, "codename": "delete_blogs"}}, {"model": "auth.permission", "pk": 22, "fields": {"name": "Can add blog type", "content_type": 8, "codename": "add_blogtype"}}, {"model": "auth.permission", "pk": 23, "fields": {"name": "Can change blog type", "content_type": 8, "codename": "change_blogtype"}}, {"model": "auth.permission", "pk": 24, "fields": {"name": "Can delete blog type", "content_type": 8, "codename": "delete_blogtype"}}, {"model": "auth.permission", "pk": 25, "fields": {"name": "Can add comment", "content_type": 9, "codename": "add_comment"}}, {"model": "auth.permission", "pk": 26, "fields": {"name": "Can change comment", "content_type": 9, "codename": "change_comment"}}, {"model": "auth.permission", "pk": 27, "fields": {"name": "Can delete comment", "content_type": 9, "codename": "delete_comment"}}, {"model": "auth.permission", "pk": 28, "fields": {"name": "Can add img", "content_type": 10, "codename": "add_img"}}, {"model": "auth.permission", "pk": 29, "fields": {"name": "Can change img", "content_type": 10, "codename": "change_img"}}, {"model": "auth.permission", "pk": 30, "fields": {"name": "Can delete img", "content_type": 10, "codename": "delete_img"}}, {"model": "auth.permission", "pk": 31, "fields": {"name": "Can add captcha store", "content_type": 11, "codename": "add_captchastore"}}, {"model": "auth.permission", "pk": 32, "fields": {"name": "Can change captcha store", "content_type": 11, "codename": "change_captchastore"}}, {"model": "auth.permission", "pk": 33, "fields": {"name": "Can delete captcha store", "content_type": 11, "codename": "delete_captchastore"}}, {"model": "auth.permission", "pk": 34, "fields": {"name": "Can add like count", "content_type": 12, "codename": "add_likecount"}}, {"model": "auth.permission", "pk": 35, "fields": {"name": "Can change like count", "content_type": 12, "codename": "change_likecount"}}, {"model": "auth.permission", "pk": 36, "fields": {"name": "Can delete like count", "content_type": 12, "codename": "delete_likecount"}}, {"model": "auth.permission", "pk": 37, "fields": {"name": "Can add like record", "content_type": 13, "codename": "add_likerecord"}}, {"model": "auth.permission", "pk": 38, "fields": {"name": "Can change like record", "content_type": 13, "codename": "change_likerecord"}}, {"model": "auth.permission", "pk": 39, "fields": {"name": "Can delete like record", "content_type": 13, "codename": "delete_likerecord"}}, {"model": "auth.permission", "pk": 40, "fields": {"name": "Can add message", "content_type": 14, "codename": "add_message"}}, {"model": "auth.permission", "pk": 41, "fields": {"name": "Can change message", "content_type": 14, "codename": "change_message"}}, {"model": "auth.permission", "pk": 42, "fields": {"name": "Can delete message", "content_type": 14, "codename": "delete_message"}}, {"model": "auth.user", "pk": 1, "fields": {"password": "pbkdf2_sha256$100000$lYkPrqehU5o2$+0MfgnQiXz205pGvTYu+Krq5tJpyyRA60Broz61bfHY=", "last_login": "2018-06-19T09:49:07.591Z", "is_superuser": true, "username": "manbu", "first_name": "", "last_name": "", "email": "562729270@qq.com", "is_staff": true, "is_active": true, "date_joined": "2018-05-30T08:30:27.417Z", "groups": [], "user_permissions": []}}, {"model": "auth.user", "pk": 2, "fields": {"password": "pbkdf2_sha256$100000$hxhyfwuA02bf$+VkgwhP/uvZmNvwg6LObf5xrLx6fBPf+jrh3cHeG76A=", "last_login": "2018-06-13T15:53:24.329Z", "is_superuser": false, "username": "test", "first_name": "", "last_name": "", "email": "562729270@qq.com", "is_staff": false, "is_active": true, "date_joined": "2018-05-30T09:35:09.331Z", "groups": [], "user_permissions": []}}, {"model": "auth.user", "pk": 3, "fields": {"password": "pbkdf2_sha256$100000$gqQbtpN3b5CX$4Oq+CFcabSUpsvqtaGmpqhpUWFp1z3tpK6OBppvaDY0=", "last_login": "2018-06-03T12:06:04.836Z", "is_superuser": false, "username": "\u716e\u592a\u9633\u84b8\u6708\u4eae\u70e4\u661f\u661f", "first_name": "", "last_name": "", "email": "m18111580859@icloud.com", "is_staff": false, "is_active": true, "date_joined": "2018-05-30T14:28:45.174Z", "groups": [], "user_permissions": []}}, {"model": "auth.user", "pk": 4, "fields": {"password": "pbkdf2_sha256$100000$D5DTpVMHnNDu$N9kCbJHfEtCHKOW1PVGU2D1iEBpPGfY7lRNQqZWhDE8=", "last_login": "2018-05-31T05:21:24.385Z", "is_superuser": false, "username": "testuser", "first_name": "", "last_name": "", "email": "562729270@qq.com", "is_staff": false, "is_active": true, "date_joined": "2018-05-31T05:21:03.165Z", "groups": [], "user_permissions": []}}, {"model": "auth.user", "pk": 5, "fields": {"password": "pbkdf2_sha256$100000$siCLln1IWtfv$cQCw3Mysp0O5VeshZRQVXxQdwd7HuLGLVk53oftwx4I=", "last_login": "2018-05-31T10:21:26.744Z", "is_superuser": false, "username": "test1", "first_name": "", "last_name": "", "email": "123456@qq.com", "is_staff": false, "is_active": true, "date_joined": "2018-05-31T10:18:20.169Z", "groups": [], "user_permissions": []}}, {"model": "auth.user", "pk": 6, "fields": {"password": "pbkdf2_sha256$100000$zzfqp74IiLZq$vH5mfaDVDittCSv0K3vCqpv5/PhQW3RcOnQmPAEnyl0=", "last_login": "2018-05-31T11:24:55.211Z", "is_superuser": false, "username": "test3", "first_name": "", "last_name": "", "email": "doudou@qq.com", "is_staff": false, "is_active": true, "date_joined": "2018-05-31T11:24:31.871Z", "groups": [], "user_permissions": []}}, {"model": "auth.user", "pk": 8, "fields": {"password": "pbkdf2_sha256$100000$l0giFV7GHy4d$52VXng8aUZ7gASS+aH7bRkDW+dww8Daq0Q7og7fty/w=", "last_login": "2018-06-06T06:24:58.785Z", "is_superuser": false, "username": "admin123", "first_name": "", "last_name": "", "email": "123456@66.com", "is_staff": false, "is_active": true, "date_joined": "2018-06-06T06:23:24.499Z", "groups": [], "user_permissions": []}}, {"model": "blog.blogs", "pk": 1, "fields": {"title": "\u8fd9\u662f\u6f2b\u6b65\u7684blog", "blog_type": 1, "content": "<p style=\"text-align:center\"><img alt=\"\" src=\"/media/upload/2018/06/04/test.jpg\" style=\"height:252px; width:448px\" /><img alt=\"\" src=\"/home/manbu/mysite/media/upload/2018/05/31/1_ekgv8HW.jpg\" style=\"width:20px\" />\u8fd9\u662f\u4e00\u7bc7test&nbsp;</p>", "read_num": 26, "pub_date": "2018-05-30T08:46:20.378Z", "modify_date": "2018-06-21T05:06:35.102Z", "author": 1, "is_original": true, "blog_url": "."}}, {"model": "blog.blogs", "pk": 2, "fields": {"title": "Python\u4e2dtime\uff0cdatetime\u7684\u5b57\u7b26\u4e32\uff0c\u65f6\u95f4\u5bf9\u8c61\uff0c\u548c\u65f6\u95f4\u6233\u7684\u5173\u7cfb\u6574\u7406", "blog_type": 3, "content": "<p style=\"text-align:center\"><strong><span style=\"color:null\"><img alt=\"python\" src=\"/media/upload/2018/06/04/python.jpg\" style=\"height:250px; width:400px\" /></span></strong></p>\r\n\r\n<p>&nbsp;</p>\r\n\r\n<p><strong><span style=\"color:null\">\u83b7\u53d6\u5f53\u524d\u65f6\u95f4\u7684\u5b57\u7b26\u4e32:</span></strong><br />\r\ndatetime:<br />\r\n\u672c\u5730\u65f6\u95f4\uff1adatetime.datetime.now().strftime(&quot;%Y-%m-%d %H:%M:%S&quot;)<br />\r\nutc\u65f6\u95f4\uff1a datetime.datetime.utcnow().strftime(&quot;%Y-%m-%d %H:%M:%S&quot;)<br />\r\ntime:<br />\r\n\u672c\u5730\u65f6\u95f4\uff1atime.strftime(&quot;%Y-%m-%d %H:%M:%S&quot;,time.localtime())<br />\r\nutc\u65f6\u95f4\uff1a time.strftime(&quot;%Y-%m-%d %H:%M:%S&quot;,time.gmtime())<br />\r\n<br />\r\n<strong>\u83b7\u53d6\u5f53\u524d\u65f6\u95f4\u7684\u65f6\u95f4\u6233:</strong><br />\r\ntime\uff1a&nbsp;&nbsp;&nbsp; time.time()<br />\r\ndatetime\uff1a###################################################<br />\r\n<br />\r\n\u65f6\u95f4\u7684\u4e09\u4e2a\u5b58\u5728\u65b9\u5f0f\uff0c\u65f6\u95f4\u5bf9\u8c61-\u65f6\u95f4\u5b57\u7b26\u4e32-\u65f6\u95f4\u6233<br />\r\n\u6211\u4eec\u8981\u505a\u7684\u65e0\u975e\u662f\u5c06\u8fd9\u4e09\u4e2a\u7c7b\u578b\u8fdb\u884c\u8f6c\u6362\u3002<br />\r\n<br />\r\n<strong>\u4e00.\u65f6\u95f4\u5bf9\u8c61\u4e0e\u5b57\u7b26\u4e32\u4e92\u8f6c\uff1a</strong><br />\r\n1.\u65f6\u95f4\u5bf9\u8c61\u8f6c\u5b57\u7b26\u4e32<br />\r\ntime\uff1a\u4f7f\u7528time.strftime\u51fd\u6570&nbsp;<br />\r\ndatetime\uff1a\u4f7f\u7528strftime\u65b9\u6cd5<br />\r\n<br />\r\n2.\u5b57\u7b26\u4e32\u8f6c\u65f6\u95f4\u5bf9\u8c61:<br />\r\ntime:&nbsp;&nbsp;&nbsp;&nbsp;&nbsp;&nbsp;&nbsp;&nbsp;&nbsp;&nbsp;&nbsp;&nbsp;&nbsp;&nbsp;&nbsp;&nbsp; time.strptime(&quot;1111.11-11 11:11&quot;,&quot;%Y.%m-%d %H:%M&quot;)<br />\r\ndatetime:datetime.datetime.strptime(&quot;1111.11-11 11:11&quot;,&quot;%Y.%m-%d %H:%M&quot;)<br />\r\n<br />\r\nstrftime\u548cstrptime\u662f\u4e00\u5bf9\u597d\u57fa\u53cb<br />\r\n<br />\r\n<strong>\u4e8c.\u65f6\u95f4\u5bf9\u8c61\u4e0e\u65f6\u95f4\u6233\u4e92\u8f6c\uff1a</strong><br />\r\n1.\u65f6\u95f4\u5bf9\u8c61\u8f6c\u65f6\u95f4\u6233\uff1a<br />\r\ntime:&nbsp;&nbsp;&nbsp;&nbsp; time.mktime()<br />\r\ndatetime: ###################################################<br />\r\n<br />\r\n2.\u65f6\u95f4\u6233\u8f6c\u65f6\u95f4\u5bf9\u8c61:<br />\r\ntime\uff1a&nbsp;&nbsp;&nbsp; time.localtime(1111111111)<br />\r\ndatetime\uff1adatetime.datetime.fromtimestamp(1111111111)<br />\r\n&nbsp;&nbsp;&nbsp;&nbsp;&nbsp;&nbsp;&nbsp;&nbsp;&nbsp; datetime.datetime.utcfromtimestamp(1111111111)<br />\r\n<br />\r\n<strong>\u4e09.\u65f6\u95f4\u6233\u4e0e\u5b57\u7b26\u4e32\u4e92\u8f6c\uff1a</strong><br />\r\n1.\u65f6\u95f4\u6233\u8f6c\u5b57\u7b26\u4e32:<br />\r\ntime\uff1a&nbsp;&nbsp;&nbsp; time.strftime(&quot;%Y-%m-%d %H:%M:%S&quot;,time.localtime(1111111111))<br />\r\ndatetime\uff1adatetime.datetime.fromtimestamp(1111111111).strftime(&quot;%Y-%m-%d %H:%M:%S&quot;)<br />\r\n\u53ef\u4ee5\u770b\u5230\u5c31\u662f\u5148\u628a\u65f6\u95f4\u6233\u8f6c\u6210\u4e86\u65f6\u95f4\u5bf9\u8c61\uff0c\u7136\u540e\u65f6\u95f4\u5bf9\u8c61\u518d\u8f6c\u6210\u4e86\u5b57\u7b26\u4e32\uff01<br />\r\n<br />\r\n2.\u5b57\u7b26\u4e32\u8f6c\u65f6\u95f4\u6233\uff1a<br />\r\ntime\uff1a&nbsp;&nbsp;&nbsp; time.mktime(time.strptime(&quot;2011.11-11 11:11&quot;,&quot;%Y.%m-%d %H:%M&quot;))<br />\r\ndatetime\uff1a####################################################<br />\r\n<br />\r\n<strong>\u56db.datetime\u5bf9\u8c61\u8f6cdate\u5bf9\u8c61\uff1a</strong><br />\r\ndatetime.datetime(1111, 11, 11, 11, 11).timetuple()<br />\r\n<br />\r\n\u6240\u4ee5\u5982\u679c\u6709\u4e2adatetime\u5bf9\u8c61\u8981\u8f6c\u6210\u65f6\u95f4\u6233\uff0c\u90a3\u4e48\u5c31\u3002\u3002\u3002\u3002\u3002\u3002<br />\r\ntime.mktime(datetime.datetime(1111, 11, 11, 11, 11).timetuple()\uff09<br />\r\n\u4e0d\u8fc7\u8981\u6ce8\u610f\u7684\u662ftime\u662f\u4ece1900\u5f00\u59cb\u8ba1\u7b97\u7684\u3002\u800cdatetime\u5305\u542b1-9999\u7684\u8303\u56f4\u3002\u6240\u4ee5\u4e0a\u9762\u7684\u8bed\u53e5\u4f1a\u62a5\u9519\u7684\u3002\u53ef\u4ee5\u628a1111\u6539\u62102011\u3002</p>", "read_num": 21, "pub_date": "2018-05-30T10:36:04.296Z", "modify_date": "2018-06-17T14:05:03.456Z", "author": 1, "is_original": true, "blog_url": "."}}, {"model": "blog.blogs", "pk": 3, "fields": {"title": "\u6b22\u8fce\u515c\u515c\u5165\u9a7b\u6f2b\u6b65\u535a\u5ba2", "blog_type": 1, "content": "<p>\u6211\u6709\u4e00\u53ea\u5c0f\u515c\u515c\uff0c\u6211\u4ece\u6765\u4e5f\u4e0d\u9a91\uff0c\u6709\u4e00\u5929\u6211\u5fc3\u8840\u6765\u6f6e\u9a91\u5b83\u53bb\u8d76\u96c6\uff0c\u6211\u624b\u91cc\u62ff\u7740\u5c0f\u76ae\u97ad\uff0c\u5fc3\u91cc\u771f\u5f97\u610f</p>\r\n\r\n<p><img alt=\"\" src=\"/media/upload/2018/06/08/timg.jpg\" style=\"height:446px; width:666px\" /></p>\r\n\r\n<p>&nbsp;</p>", "read_num": 29, "pub_date": "2018-05-30T14:28:54.803Z", "modify_date": "2018-06-20T13:19:22.498Z", "author": 1, "is_original": true, "blog_url": "."}}, {"model": "blog.blogs", "pk": 4, "fields": {"title": "Python\u4e2dcsv\u6587\u4ef6\u4e0e\u5b57\u5178\uff0c\u5217\u8868\u7b49\u4e4b\u95f4\u7684\u8f6c\u6362\u5c0f\u7ed3", "blog_type": 3, "content": "<h3 style=\"text-align:center\"><img alt=\"\" src=\"/media/upload/2018/06/08/timg-1.jpg\" style=\"height:470px; width:666px\" /></h3>\r\n\r\n<h3><strong>\u5c06\u5217\u8868\u8f6c\u6362\u4e3acsv\u6587\u4ef6</strong></h3>\r\n\r\n<div style=\"background:#eeeeee; border:1px solid #cccccc; padding:5px 10px\"><code>def list2csv(list, file):<br />\r\n&nbsp;&nbsp;&nbsp; wr = csv.writer(open(file, &#39;wb&#39;), quoting=csv.QUOTE_ALL)<br />\r\n&nbsp;&nbsp;&nbsp; for word in list:<br />\r\n&nbsp;&nbsp;&nbsp;&nbsp;&nbsp;&nbsp;&nbsp; wr.writerow([word])</code></div>\r\n\r\n<p>&nbsp;</p>\r\n\r\n<h3><strong>csv\u6587\u4ef6\u8f6c\u6362\u4e3a\u5b57\u5178</strong></h3>\r\n\r\n<h5>\u7b2c\u4e00\u884c\u4e3akey\uff0c\u5176\u4f59\u884c\u4e3avalue</h5>\r\n\r\n<p>\u9488\u5bf9\u5e38\u89c1\u7684\u9996\u884c\u4e3a\u5c5e\u6027\uff0c\u5176\u4f59\u884c\u4e3a\u503c\u7684\u60c5\u5f62</p>\r\n\r\n<div style=\"background:#eeeeee; border:1px solid #cccccc; padding:5px 10px\"><br />\r\n<code>def csv2dict(in_file,key,value):<br />\r\n&nbsp;&nbsp;&nbsp; new_dict = {}<br />\r\n&nbsp;&nbsp;&nbsp; with open(in_file, &#39;rb&#39;) as f:<br />\r\n&nbsp;&nbsp;&nbsp;&nbsp;&nbsp;&nbsp;&nbsp; reader = csv.reader(f, delimiter=&#39;,&#39;)<br />\r\n&nbsp;&nbsp;&nbsp;&nbsp;&nbsp;&nbsp;&nbsp; fieldnames = next(reader)<br />\r\n&nbsp;&nbsp;&nbsp;&nbsp;&nbsp;&nbsp;&nbsp; reader = csv.DictReader(f, fieldnames=fieldnames, delimiter=&#39;,&#39;)<br />\r\n&nbsp;&nbsp;&nbsp;&nbsp;&nbsp;&nbsp;&nbsp; for row in reader:<br />\r\n&nbsp;&nbsp;&nbsp;&nbsp;&nbsp;&nbsp;&nbsp;&nbsp;&nbsp;&nbsp;&nbsp; new_dict[row[key]] = row[value]<br />\r\n&nbsp;&nbsp;&nbsp; return new_dict</code></div>\r\n\r\n<h4>&nbsp;</h4>\r\n\r\n<h3><strong>\u5b57\u5178\u8f6c\u6362\u4e3acsv\u6587\u4ef6</strong></h3>\r\n\r\n<h3>\u7b2c\u4e00\u884c\u4e3akey\uff0c\u5176\u4f59\u884c\u4e3avalue</h3>\r\n\r\n<div style=\"background:#eeeeee; border:1px solid #cccccc; padding:5px 10px\"><code>def dict2csv(dict,file):<br />\r\n&nbsp;&nbsp;&nbsp; with open(file,&#39;wb&#39;) as f:<br />\r\n&nbsp;&nbsp;&nbsp;&nbsp;&nbsp;&nbsp;&nbsp; w=csv.writer(f)<br />\r\n&nbsp;&nbsp;&nbsp;&nbsp;&nbsp;&nbsp;&nbsp; # write all keys on one row and all values on the next<br />\r\n&nbsp;&nbsp;&nbsp;&nbsp;&nbsp;&nbsp;&nbsp; w.writerow(dict.keys())<br />\r\n&nbsp;&nbsp;&nbsp;&nbsp;&nbsp;&nbsp;&nbsp; w.writerow(dict.values())</code></div>\r\n\r\n<p>&nbsp;</p>", "read_num": 23, "pub_date": "2018-05-30T15:02:53.716Z", "modify_date": "2018-06-22T03:10:10.034Z", "author": 1, "is_original": true, "blog_url": "."}}, {"model": "blog.blogs", "pk": 5, "fields": {"title": "\u6d45\u8c08OO\u601d\u60f3", "blog_type": 11, "content": "<h3><strong>object oriented(\u9762\u5411,\u9762\u5bf9)(\u9488\u5bf9\u5206\u6790\uff0c\u9700\u6c42\u5206\u6790\uff0c\u529f\u80fd\u5b9e\u73b0)(\u9762\u5411\u5bf9\u8c61\u7684\u4e09\u5927\u8981\u7d20:\u5c01\u88c5,\u7ee7\u627f,\u591a\u6001)</strong></h3>\r\n\r\n<p style=\"text-align:center\"><img alt=\"\" src=\"/media/upload/2018/06/04/timg.jpg\" style=\"height:247px; width:391px\" /><br />\r\n\u5148\u8bf4\u4ec0\u4e48\u662fOO\uff08Object oriented\uff09\u7ffb\u8bd1\u8fc7\u6765\u5c31\u662f\u9762\u5411\u5bf9\u8c61\uff0c\u5b83\u5305\u62ec\u6709OOA\u9762\u5411\u5bf9\u8c61\u7684\u5206\u6790\uff0cOOD\u9762\u5411\u5bf9\u8c61\u7684\u8bbe\u8ba1\uff0cOOP\u9762\u5411\u5bf9\u8c61\u7684\u5b9e\u73b0\u8fd9\u51e0\u4e2a\u65b9\u9762\uff0c\u8fd9\u51e0\u65b9\u9762\u5305\u542b\u8ffdMM\u7684\u6240\u6709\u95ee\u9898\uff0c\u5927\u5bb6\u662f\u4e0d\u662f\u770b\u7740\u597d\u8c61\u5f88\u4e13\u4e1a\uff0c\u4e0d\u7528\u6015\u4eca\u5929\u7b80\u5355\u8bf4\u8bf4\u5728\u8ffdMM\u7684\u8fc7\u7a0b\u4e2d\u7684OO\u601d\u60f3\u3002</p>\r\n\r\n<h2><a name=\"t0\"></a>1,OOA(\u9762\u5411\u5bf9\u8c61\u5206\u6790\u65b9\u6cd5)</h2>\r\n\r\n<p>OOA\u4e2d\u7684A\u662f\u6307Analysis\u5206\u6790\uff0c\u5f53\u4f60\u770b\u89c1\u4e00\u4e2aMM\u611f\u89c9\u5f88\u597d\uff0c\u521d\u6b65\u63a5\u89e6\u4e86\u4e00\u4e0b\uff0cMM\u5bf9\u4f60\u4e5f\u4e0d\u9519\uff0c\u8fd9\u65f6\u4f60\u5c31\u8981\u9488\u5bf9\u5979\u8fd9\u4e2a\u5bf9\u8c61\u8fdb\u884c\u5206\u6790\u4e86\uff0cMM\u5bf9\u4f60\u7684\u611f\u89c9\u600e\u4e48\u6837\uff0cMM\u7684\u4e2a\u4eba\u7231\u597d\u662f\u4ec0\u4e48\uff0cMM\u7684\u559c\u6b22\u7684\u52a8\u7269\u662f\u4ec0\u4e48\u7b49\u7b49\uff0c\u8bf4\u4e13\u4e1a\u4e00\u70b9\u8fd9\u53eb\u9700\u6c42\u5206\u6790\u3002<br />\r\nOOA:\u9762\u5411\u5bf9\u8c61\u5206\u6790\u65b9\u6cd5\uff08Object-Oriented Analysis\uff0cOOA\uff09\uff0c\u662f\u5728\u4e00\u4e2a\u7cfb\u7edf\u7684\u5f00\u53d1\u8fc7\u7a0b\u4e2d\u8fdb\u884c\u4e86\u7cfb\u7edf\u4e1a\u52a1\u8c03\u67e5\u4ee5\u540e\uff0c\u6309\u7167\u9762\u5411\u5bf9\u8c61\u7684\u601d\u60f3\u6765\u5206\u6790\u95ee\u9898\u3002OOA\u4e0e\u7ed3\u6784\u5316\u5206\u6790\u6709\u8f83\u5927\u7684\u533a\u522b\u3002OOA\u6240\u5f3a\u8c03\u7684\u662f\u5728\u7cfb\u7edf\u8c03\u67e5\u8d44\u6599\u7684\u57fa\u7840\u4e0a\uff0c\u9488\u5bf9OO\u65b9\u6cd5\u6240\u9700\u8981\u7684\u7d20\u6750\u8fdb\u884c\u7684\u5f52\u7c7b\u5206\u6790\u548c\u6574\u7406\uff0c\u800c\u4e0d\u662f\u5bf9\u7ba1\u7406\u4e1a\u52a1\u73b0\u72b6\u548c\u65b9\u6cd5\u7684\u5206\u6790\u3002</p>\r\n\r\n<p>OOA\uff08\u9762\u5411\u5bf9\u8c61\u7684\u5206\u6790\uff09\u6a21\u578b\u75315\u4e2a\u5c42\u6b21\uff08<strong>\u4e3b\u9898\u5c42\u3001\u5bf9\u8c61\u7c7b\u5c42\u3001\u7ed3\u6784\u5c42\u3001\u5c5e\u6027\u5c42\u548c\u670d\u52a1\u5c42</strong>\uff09\u548c5\u4e2a\u6d3b\u52a8\uff08<strong>\u6807\u8bc6\u5bf9\u8c61\u7c7b\u3001\u6807\u8bc6\u7ed3\u6784\u3001\u5b9a\u4e49\u4e3b\u9898\u3001\u5b9a\u4e49\u5c5e\u6027\u548c\u5b9a\u4e49\u670d\u52a1</strong>\uff09\u7ec4\u6210\u3002\u5728\u8fd9\u79cd\u65b9\u6cd5\u4e2d\u5b9a\u4e49\u4e86\u4e24\u79cd\u5bf9\u8c61\u7c7b\u4e4b\u95f4\u7684\u7ed3\u6784\uff0c\u4e00\u79cd\u79f0\u4e3a\u5206\u7c7b\u7ed3\u6784\uff0c\u4e00\u79cd\u79f0\u4e3a\u7ec4\u88c5\u7ed3\u6784\u3002\u5206\u7c7b\u7ed3\u6784\u5c31\u662f\u6240\u8c13\u7684\u4e00\u822c\u4e0e\u7279\u6b8a\u7684\u5173\u7cfb\u3002\u7ec4\u88c5\u7ed3\u6784\u5219\u53cd\u6620\u4e86\u5bf9\u8c61\u4e4b\u95f4\u7684\u6574\u4f53\u4e0e\u90e8\u5206\u7684\u5173\u7cfb\u3002</p>\r\n\r\n<p>OOA\u5728\u5b9a\u4e49\u5c5e\u6027\u7684\u540c\u65f6\uff0c\u8981\u8bc6\u522b\u5b9e\u4f8b\u8fde\u63a5\u3002\u5b9e\u4f8b\u8fde\u63a5\u662f\u4e00\u4e2a\u5b9e\u4f8b\u4e0e\u53e6\u4e00\u4e2a\u5b9e\u4f8b\u7684\u6620\u5c04\u5173\u7cfb\u3002</p>\r\n\r\n<h2><a name=\"t1\"></a>2,&nbsp; OOD(object oriented Design(\u8bbe\u8ba1))</h2>\r\n\r\n<p>\u5f53\u4f60\u5206\u6790\u4e86MM\u7684\u6027\u683c\uff0c\u5174\u8da3\uff0c\u7231\u597d\u7b49\u7b49\uff0c\u8fd9\u4e00\u6b65\u5c31\u662f\u8981\u6839\u636e\u4f60\u5206\u6790\u51fa\u6765\u7684\u6570\u636e\u8fdb\u884c\u5177\u4f53\u884c\u52a8\u8ba1\u5212\u4e86\uff0c\u627e\u4e00\u90e8MM\u7231\u770b\u7684\u7535\u5f71\uff0c\u8bf7MM\u5403\u4e00\u987f\u5979\u7231\u5403\u7684\u996d\uff0c\u9001\u4e00\u4efd\u5979\u559c\u6b22\u7684\u793c\u7269\u3002\u8fd9\u4e2a\u8ba1\u5212\u662f\u8d8a\u8be6\u7ec6\u8d8a\u597d\uff0c\u5982\u4f55\u505a\u5230\u8be6\u7ec6\u5e76\u8db3\u591f\u597d\uff0c\u5c31\u8981\u56de\u6765\u5c31\u770b\u4f60\u7684OOA\u7684\u505a\u7684\u600e\u4e48\u6837\u4e86\u3002<br />\r\nOOD:\u9762\u5411\u5bf9\u8c61\u8bbe\u8ba1\uff08Object-Oriented Design\uff0cOOD\uff09\u65b9\u6cd5\u662fOO\u65b9\u6cd5\u4e2d\u4e00\u4e2a\u4e2d\u95f4\u8fc7\u6e21\u73af\u8282\u3002\u5176\u4e3b\u8981\u4f5c\u7528\u662f\u5bf9OOA\u5206\u6790\u7684\u7ed3\u679c\u4f5c\u8fdb\u4e00\u6b65\u7684\u89c4\u8303\u5316\u6574\u7406\uff0c\u4ee5\u4fbf\u80fd\u591f\u88abOOP\u76f4\u63a5\u63a5\u53d7\u3002</p>\r\n\r\n<p>\u9762\u5411\u5bf9\u8c61\u8bbe\u8ba1\uff08OOD\uff09\u662f\u4e00\u79cd\u8f6f\u4ef6\u8bbe\u8ba1\u65b9\u6cd5\uff0c\u662f\u4e00\u79cd\u5de5\u7a0b\u5316\u89c4\u8303\u3002\u8fd9\u662f\u6beb\u65e0\u7591\u95ee\u7684\u3002\u6309\u7167Bjarne Stroustrup\u7684\u8bf4\u6cd5\uff0c\u9762\u5411\u5bf9\u8c61\u7684\u7f16\u7a0b\u8303\u5f0f\uff08paradigm\uff09\u662f\uff1a</p>\r\n\r\n<ul>\r\n\t<li>\u51b3\u5b9a\u4f60\u8981\u7684\u7c7b\uff1b</li>\r\n\t<li>\u7ed9\u6bcf\u4e2a\u7c7b\u63d0\u4f9b\u5b8c\u6574\u7684\u4e00\u7ec4\u64cd\u4f5c\uff1b</li>\r\n\t<li>\u660e\u786e\u5730\u4f7f\u7528\u7ee7\u627f\u6765\u8868\u73b0\u5171\u540c\u70b9\u3002</li>\r\n</ul>\r\n\r\n<p>\u7531\u8fd9\u4e2a\u5b9a\u4e49\uff0c\u6211\u4eec\u53ef\u4ee5\u770b\u51fa\uff1aOOD\u5c31\u662f&ldquo;\u6839\u636e\u9700\u6c42\u51b3\u5b9a\u6240\u9700\u7684\u7c7b\u3001\u7c7b\u7684\u64cd\u4f5c\u4ee5\u53ca\u7c7b\u4e4b\u95f4\u5173\u8054\u7684\u8fc7\u7a0b&rdquo;\u3002</p>\r\n\r\n<h2><a name=\"t2\"></a>3, OOP(Object Oriented Programming \u9762\u5411\u5bf9\u8c61\u7f16\u7a0b(\u5b9e\u73b0)) \u9762\u5411\u5bf9\u8c61\u7684\u5b9e\u73b0</h2>\r\n\r\n<p>\u8fd9\u4e2a\u6700\u91cd\u8981\u4e86\uff0c\u4f60\u524d\u9762\u505a\u7684\u6240\u6709\u7684\u5206\u6790\uff0c\u8bbe\u8ba1\u90fd\u8981\u5728\u8fd9\u4e0a\u6b65\u8fdb\u884c\u5b9e\u73b0\u3002\u5206\u6790\u7684\u518d\u597d\uff0c\u8bbe\u8ba1\u7684\u518d\u5b8c\u5584\u8fd9\u4e00\u6b65\u6ca1\u505a\u597d\u90a3\u5c31&ldquo;\u4e00\u6c5f\u6625\u6c34\u5411\u4e1c\u6d41\u4e86&rdquo;\u3002<br />\r\nOOP:\u9762\u5411\u5bf9\u8c61\u7f16\u7a0b\uff08Object Oriented Programming\uff0cOOP\uff0c\u9762\u5411\u5bf9\u8c61\u7a0b\u5e8f\u8bbe\u8ba1\uff09\u662f\u4e00\u79cd\u8ba1\u7b97\u673a\u7f16\u7a0b\u67b6\u6784\u3002OOP \u7684\u4e00\u6761\u57fa\u672c\u539f\u5219\u662f\u8ba1\u7b97\u673a\u7a0b\u5e8f\u662f\u7531\u5355\u4e2a\u80fd\u591f\u8d77\u5230\u5b50\u7a0b\u5e8f\u4f5c\u7528\u7684\u5355\u5143\u6216\u5bf9\u8c61\u7ec4\u5408\u800c\u6210\u3002</p>\r\n\r\n<p>OO\u8fd8\u6709\u4e00\u4e2a\u6700\u91cd\u8981\u6982\u5ff5\u5c31\u662f\u7c7b\uff0c(\u91cd\u7528\u6027)\u7c7b\u662f\u7b14\u6cd5\u7684\u4e00\u4e2a\u62bd\u8c61\u3002\u53ef\u4ee5\u7528\u4e8e\u4e0d\u540c\u7684MM\u54e6\u3002</p>\r\n\r\n<ul>\r\n\t<li>\u7b2c\u4e00\u65e5\uff0c\u795e\u8bf4\uff0c\u4e07\u7269\u7686\u5bf9\u8c61(object)\uff0c\u5bf9\u8c61\u6709\u6807\u8bc6\u3001\u72b6\u6001\u4e0e\u884c\u4e3a\uff1b</li>\r\n\t<li>\u7b2c\u4e8c\u65e5\uff0c\u795e\u8bf4\uff0c\u6709\u76f8\u540c\u7279\u5f81\u548c\u884c\u4e3a\u7684\u5bf9\u8c61\u62bd\u8c61\u4e3a\u7c7b(class)\uff1b\u5bf9\u8c61\u5373\u4e3a\u7c7b\u7684\u4e00\u5b9e\u4f8b\uff1b</li>\r\n\t<li>\u7b2c\u4e09\u65e5\uff0c\u795e\u8bf4\uff0c\u5bf9\u8c61\u7684\u76f8\u540c\u7279\u5f81\u62bd\u8c61\u4e3a\u5c5e\u6027\uff0c\u76f8\u540c\u7684\u884c\u4e3a\u5904\u7406\u62bd\u8c61\u4e3a\u65b9\u6cd5\uff1b</li>\r\n\t<li>\u7b2c\u56db\u65e5\uff0c\u795e\u8bf4\uff0c\u7c7b\u8981\u5c01\u88c5\uff1b\u4e8e\u662fDotNet\u7a0b\u5e8f\u5458\u5728\u7c7b\u6807\u8bc6\u3001\u5c5e\u6027\u548c\u65b9\u6cd5\u524d\u90fd\u5206\u522b\u52a0\u4e0apublic\u3001private\u3001protected\u3002</li>\r\n\t<li>\u7b2c\u4e94\u65e5\uff0c\u795e\u8bf4\uff0c\u7c7b\u53ef\u4ee5\u7ee7\u627f\u548c\u5408\u6210\uff1b\u4e8e\u662fDotNet\u7a0b\u5e8f\u5458\u628aLogin.aspx\u5b9a\u4e49\u6210Login\u7684\u6d3e\u751f\u7c7b\uff0c\u5728Login.aspx\u5f00\u5934\u52a0\u4e0a\u5982\u4e0b\u58f0\u660e\u8bed\u53e5\uff1a</li>\r\n</ul>\r\n\r\n<p>&lt;%@ Page Inherits=&quot;WebApplication1.Login&quot; %&gt;</p>\r\n\r\n<ul>\r\n\t<li>\u7b2c\u516d\u65e5\uff0c\u795e\u8bf4\uff0c\u7c7b\u6709\u591a\u6001\u3002</li>\r\n</ul>\r\n\r\n<h2><strong><a name=\"t3\"></a>\u9762\u5411\u5bf9\u8c61\u7684\u4e09\u5927\u8981\u7d20:\u5c01\u88c5,\u7ee7\u627f,\u591a\u6001\uff1a</strong></h2>\r\n\r\n<h3><a name=\"t4\"></a><strong>1.\u5c01\u88c5\u5bf9\u8c61\uff1a</strong></h3>\r\n\r\n<p>\u5e76\u975e\u662f\u5c06\u6574\u4e2a\u5bf9\u8c61\u5b8c\u5168\u5305\u88f9\u8d77\u6765\uff0c\u800c\u662f\u6839\u636e\u5177\u4f53\u7684\u9700\u8981\uff0c\u8bbe\u7f6e\u4f7f\u7528\u8005\u8bbf\u95ee\u7684\u6743\u9650\u3002\u5728C#\u4e2d\uff0c\u5206\u522b\u7528\u4fee\u9970\u7b26public\uff0cinternal\uff0cprotected\uff0cprivate\u8bbe\u5b9a\uff0c\u5206\u522b\u4fee\u9970\u7c7b\u7684\u5b57\u6bb5\u3001\u5c5e\u6027\u548c\u65b9\u6cd5\uff0c\u751a\u81f3\u4e8e\u7c7b\u5bf9\u8c61\u672c\u8eab\uff1a</p>\r\n\r\n<ul>\r\n\t<li>public\uff1a\u8868\u660e\u6240\u6709\u5bf9\u8c61\u90fd\u53ef\u4ee5\u8bbf\u95ee\uff1b</li>\r\n\t<li>protected internal\uff1a\u8868\u660e\u540c\u4e00\u4e2a\u7a0b\u5e8f\u96c6\u5185\u7684\u5bf9\u8c61\uff0c\u6216\u8005\u8be5\u7c7b\u5bf9\u8c61\u4ee5\u53ca\u5176\u5b50\u7c7b\u53ef\u4ee5\u8bbf\u95ee\uff1b</li>\r\n\t<li>internal\uff1a\u8868\u660e\u53ea\u6709\u540c\u4e00\u4e2a\u7a0b\u5e8f\u96c6\u7684\u5bf9\u8c61\u53ef\u4ee5\u8bbf\u95ee\uff1b</li>\r\n\t<li>protected\uff1a\u8868\u660e\u53ea\u6709\u8be5\u7c7b\u5bf9\u8c61\u53ca\u5176\u5b50\u7c7b\u5bf9\u8c61\u53ef\u4ee5\u8bbf\u95ee\uff1b\uff08\u5173\u4e8e\u7ee7\u627f\uff0c\u4f1a\u5728\u4ee5\u540e\u4ecb\u7ecd\uff09</li>\r\n\t<li>private\uff1a\u8868\u660e\u53ea\u6709\u5bf9\u8c61\u672c\u8eab\u5728\u5bf9\u8c61\u5185\u90e8\u53ef\u4ee5\u8bbf\u95ee\uff1b</li>\r\n</ul>\r\n\r\n<h3><a name=\"t5\"></a><strong>2.&ldquo;\u7ee7\u627f&rdquo;</strong>\uff1a</h3>\r\n\r\n<p>\u7ee7\u627f\u662f\u9762\u5411\u5bf9\u8c61\u8f6f\u4ef6\u6280\u672f\u5f53\u4e2d\u7684\u4e00\u4e2a\u6982\u5ff5\u3002\u5982\u679c\u4e00\u4e2a\u7c7bA\u7ee7\u627f\u81ea\u53e6\u4e00\u4e2a\u7c7bB\uff0c\u5c31\u628a\u8fd9\u4e2aA\u79f0\u4e3a&quot;B\u7684\u5b50\u7c7b&quot;\uff0c\u800c\u628aB\u79f0\u4e3a&quot;A\u7684\u7236\u7c7b&quot;\u3002\u7ee7\u627f\u53ef\u4ee5\u4f7f\u5f97\u5b50\u7c7b\u5177\u6709\u7236\u7c7b\u7684\u5404\u79cd\u5c5e\u6027\u548c\u65b9\u6cd5\uff0c\u800c\u4e0d\u9700\u8981\u518d\u6b21\u7f16\u5199\u76f8\u540c\u7684\u4ee3\u7801\u3002\u5728\u4ee4\u5b50\u7c7b\u7ee7\u627f\u7236\u7c7b\u7684\u540c\u65f6\uff0c\u53ef\u4ee5\u91cd\u65b0\u5b9a\u4e49\u67d0\u4e9b\u5c5e\u6027\uff0c\u5e76\u91cd\u5199\u67d0\u4e9b\u65b9\u6cd5\uff0c\u5373\u8986\u76d6\u7236\u7c7b\u7684\u539f\u6709\u5c5e\u6027\u548c\u65b9\u6cd5\uff0c\u4f7f\u5176\u83b7\u5f97\u4e0e\u7236\u7c7b\u4e0d\u540c\u7684\u529f\u80fd\u3002</p>\r\n\r\n<h3><a name=\"t6\"></a><strong>3. \u591a\u6001(\u6027)\uff1a</strong></h3>\r\n\r\n<p>\u5bf9\u8c61\u53ef\u4ee5\u8868\u793a\u591a\u4e2a\u7c7b\u578b\u3010\u5982\u679cA\u7c7b(\u65b0\u7c7b,\u4e5f\u53eb\u6d3e\u751f\u7c7b)\u7ee7\u627f\u4e86B\u7c7b(\u7236\u7c7b,\u4e5f\u53eb\u57fa\u7c7b),\u90a3\u4e2aA \u7c7b\u5c31\u6709\u4e24\u4e2a\u6709\u6548\u7c7b\u578b:\u65b0\u7c7b(\u81ea\u5df1)\u7684\u7c7b\u578b\u548c\u5b83\u7ee7\u627f\u7684\u7c7b(\u7236\u7c7b)\u7684\u7c7b\u578b\u3011\u7684\u80fd\u529b\u79f0\u4e3a\u591a\u6001\u6027\u3002\u5bf9\u8c61\u6839\u636e\u6240\u63a5\u6536\u7684\u6d88\u606f\u800c\u505a\u51fa\u52a8\u4f5c\u3002\u540c\u4e00\u6d88\u606f\u4e3a\u4e0d\u540c\u7684\u5bf9\u8c61\u63a5\u53d7\u65f6\u53ef\u4ea7\u751f\u5b8c\u5168\u4e0d\u540c\u7684\u884c\u52a8\uff0c\u8fd9\u79cd\u73b0\u8c61\u79f0\u4e3a\u591a\u6001\u6027\u3002</p>\r\n\r\n<ul>\r\n\t<li>b\u7ee7\u627fa&nbsp;&nbsp; b\u662fa\u7684\u5b50\u7c7b,\u8fd9\u65f6 a\u6709a \u7684\u5c5e\u6027,\u548c\u4e8b\u4ef6,</li>\r\n\t<li>b\u540c\u65f6\u6709a\u7684\u5c5e\u6027\u548c\u4e8b\u4ef6,\u540c\u65f6\u6709\u5b83\u81ea\u5df1\u7684\u5c5e\u6027\u548c\u4e8b\u4ef6,\u8fd9\u65f6,b \u8fd9\u79cd\u72b6\u6001(\u80fd\u529b)\u5c31\u53eb\u591a\u6001\u6027</li>\r\n</ul>", "read_num": 17, "pub_date": "2018-05-31T00:57:57.352Z", "modify_date": "2018-06-20T23:02:00.882Z", "author": 1, "is_original": false, "blog_url": "https://blog.csdn.net/bbsyi/article/details/50585300"}}, {"model": "blog.blogs", "pk": 7, "fields": {"title": "Django\u4e2d\u7528filter\u4e0esimple_tag\u4e3a\u524d\u7aef\u5b9a\u4e49\u51fd\u6570", "blog_type": 2, "content": "<p><strong>\u524d\u8a00</strong></p>\r\n\r\n<p>Django\u7684<a href=\"http://www.php.cn/php/php-tp-nvelocity.html\" target=\"_blank\">\u6a21\u677f\u5f15\u64ce</a>\u63d0\u4f9b\u4e86\u4e00\u822c\u6027\u7684\u529f\u80fd\u51fd\u6570\uff0c\u901a\u8fc7\u524d\u7aef\u53ef\u4ee5\u5b9e\u73b0\u591a\u6570\u7684\u4ee3\u7801\u903b\u8f91\u529f\u80fd\uff0c\u8fd9\u91cc\u79f0\u4e4b\u4e3a\u4e00\u822c\u6027\uff0c\u662f\u56e0\u4e3a\u5b83\u4ec5\u652f\u6301\u5927\u591a\u6570\u5e38\u89c1\u60c5\u51b5\u4e0b\u7684\u51fd\u6570\u529f\u80fd\uff0c\u4f8b\u5982if\u5224\u65ad\uff0cifequal\u5bf9\u6bd4\u8fd4\u56de\u503c\u7b49\uff0c\u4f46\u662f\u7a0d\u5fae\u590d\u6742\u4e00\u4e9b\u7684\u51fd\u6570\u529f\u80fd\u5e76\u4e0d\u652f\u6301\uff0c\u4f8b\u5982\u901a\u8fc7\u6a21\u677f\u6765\u5224\u65ad\u4e00\u4e2a\u8fd4\u56de\u503c\u662f\u5426\u662f\u5408\u6cd5\u7684\u6570\u5b57\u7c7b\u578b\uff0c\u6b64\u65f6\u5982\u679c\u53c8\u4e0d\u5e0c\u671b\u901a\u8fc7\u540e\u53f0\u89c6\u56fe\u4ee3\u7801\u6765\u5b9e\u73b0\u7684\u8bdd\uff0c\u6211\u4eec\u5c31\u53ef\u4ee5\u81ea\u5b9a\u4e49\u4e00\u4e9b\u524d\u7aef\u51fd\u6570\u529f\u80fd\u3002</p>\r\n\r\n<p>Django\u4e3a\u6211\u4eec\u63d0\u4f9b\u4e86\u4e24\u79cd\u65b9\u5f0f\uff0c\u5206\u522b\u662ffilter\u548csimple_tag\uff0c\u4e0b\u9762\u5bf9\u6bd4\u4e24\u79cd\u65b9\u5f0f\uff0c\u5206\u522b\u5b9e\u73b0\u5224\u65ad\u8fd4\u56de\u503c\u7684\u529f\u80fd\u51fd\u6570\u3002</p>\r\n\r\n<p><strong><a href=\"http://www.php.cn/code/6582.html\" target=\"_blank\">\u51c6\u5907\u5de5\u4f5c</a></strong></p>\r\n\r\n<p>1\u3001\u5e94\u7528\u7a0b\u5e8f\u5fc5\u987b\u8981\u6ce8\u518c\u5230settings<a href=\"http://www.php.cn/code/10545.html\" target=\"_blank\">\u914d\u7f6e\u6587\u4ef6</a>\u4e2d</p>\r\n\r\n<p>2\u3001\u5728\u5e94\u7528\u76ee\u5f55\u4e0b\u521b\u5efatemplatetags\u76ee\u5f55</p>\r\n\r\n<p>3\u3001\u5728templatetags\u521b\u5efa\u6a21\u5757\u6587\u4ef6\uff0c\u5e76\u5bfc\u5165Django\u5185\u90e8\u65b9\u6cd5</p>\r\n\r\n<p><strong>filter</strong></p>\r\n\r\n<p>\u5728templatetags\u76ee\u5f55\u4e0b\u521b\u5efapython\u6a21\u5757\uff0c\u8fd9\u91cc\u547d\u540d\u4e3aapp01_func.py\uff0c\u5185\u5bb9\u5982\u4e0b\uff1a</p>\r\n\r\n<p>&nbsp;</p>\r\n\r\n<table border=\"0\" cellpadding=\"0\" cellspacing=\"0\">\r\n\t<tbody>\r\n\t\t<tr>\r\n\t\t\t<td>\r\n\t\t\t<p>1</p>\r\n\r\n\t\t\t<p>2</p>\r\n\r\n\t\t\t<p>3</p>\r\n\r\n\t\t\t<p>4</p>\r\n\r\n\t\t\t<p>5</p>\r\n\r\n\t\t\t<p>6</p>\r\n\r\n\t\t\t<p>7</p>\r\n\r\n\t\t\t<p>8</p>\r\n\r\n\t\t\t<p>9</p>\r\n\r\n\t\t\t<p>10</p>\r\n\r\n\t\t\t<p>11</p>\r\n\r\n\t\t\t<p>12</p>\r\n\r\n\t\t\t<p>13</p>\r\n\t\t\t</td>\r\n\t\t\t<td>\r\n\t\t\t<p><code>from</code>&nbsp;<code>django&nbsp;</code><code>import</code>&nbsp;<code>template</code></p>\r\n\r\n\t\t\t<p><code>from</code>&nbsp;<code>django.template.defaultfilters&nbsp;</code><code>import</code>&nbsp;<code>stringfilter</code></p>\r\n\r\n\t\t\t<p>&nbsp;</p>\r\n\r\n\t\t\t<p><code>register&nbsp;=</code>&nbsp;<code>template.Library()</code></p>\r\n\r\n\t\t\t<p><code>@register.filter</code></p>\r\n\r\n\t\t\t<p>&nbsp;</p>\r\n\r\n\t\t\t<p><code>def</code>&nbsp;<code>value_verification(value):&nbsp;</code><code># value\u4e3a\u524d\u7aef\u4f20\u9012\u7684\u53c2\u6570</code></p>\r\n\r\n\t\t\t<p><code>&nbsp;try</code><code>:</code></p>\r\n\r\n\t\t\t<p><code>&nbsp; int</code><code>(value)</code></p>\r\n\r\n\t\t\t<p><code>&nbsp; return</code>&nbsp;<code>True</code></p>\r\n\r\n\t\t\t<p><code>&nbsp;except</code><code>:</code></p>\r\n\r\n\t\t\t<p><code>&nbsp; return</code>&nbsp;<code>False</code></p>\r\n\t\t\t</td>\r\n\t\t</tr>\r\n\t</tbody>\r\n</table>\r\n\r\n<p>\u5b9a\u5236\u5b8c\u540e\u53f0\u529f\u80fd\u540e\uff0c\u5c31\u53ef\u4ee5\u5728\u6a21\u677f\u6587\u4ef6\u4e2d\u8c03\u7528\u51fd\u6570\u529f\u80fd\uff0c\u9996\u9009\u9700\u8981\u5728\u6a21\u677f\u6587\u4ef6\u5934\u4e2d\u5f15\u5165\u540e\u53f0python\u6a21\u5757\u3002</p>\r\n\r\n<p>&nbsp;</p>\r\n\r\n<table border=\"0\" cellpadding=\"0\" cellspacing=\"0\">\r\n\t<tbody>\r\n\t\t<tr>\r\n\t\t\t<td>\r\n\t\t\t<p>1</p>\r\n\t\t\t</td>\r\n\t\t\t<td>\r\n\t\t\t<p><code>{</code><code>%</code>&nbsp;<code>load app01_func&nbsp;</code><code>%</code><code>}</code></p>\r\n\t\t\t</td>\r\n\t\t</tr>\r\n\t</tbody>\r\n</table>\r\n\r\n<p>\u4f8b\u5982\u6211\u4eec\u9700\u8981\u5224\u65ad\u540e\u53f0\u8fd4\u56de\u503cload\u662f\u5426\u4e3a\u4e00\u4e2a\u6709\u6548\u6570\u5b57\u65f6\uff0c\u53ef\u4ee5\u505a\u5982\u4e0b\u8c03\u7528\uff1a</p>\r\n\r\n<p>&nbsp;</p>\r\n\r\n<table border=\"0\" cellpadding=\"0\" cellspacing=\"0\">\r\n\t<tbody>\r\n\t\t<tr>\r\n\t\t\t<td>\r\n\t\t\t<p>1</p>\r\n\r\n\t\t\t<p>2</p>\r\n\r\n\t\t\t<p>3</p>\r\n\r\n\t\t\t<p>4</p>\r\n\r\n\t\t\t<p>5</p>\r\n\t\t\t</td>\r\n\t\t\t<td>\r\n\t\t\t<p><code>{</code><code>%</code>&nbsp;<code>if</code>&nbsp;<code>load|value_verification&nbsp;</code><code>%</code><code>}</code></p>\r\n\r\n\t\t\t<p><code>&nbsp;</code><code>{{ load }}&nbsp;</code><code>is</code>&nbsp;<code>a valid&nbsp;</code><code>int</code>&nbsp;<code>number.</code></p>\r\n\r\n\t\t\t<p><code>{</code><code>%</code>&nbsp;<code>else</code>&nbsp;<code>%</code><code>}</code></p>\r\n\r\n\t\t\t<p><code>&nbsp;</code><code>{{ load }}&nbsp;</code><code>is</code>&nbsp;<code>letter.</code></p>\r\n\r\n\t\t\t<p><code>{</code><code>%</code>&nbsp;<code>endif&nbsp;</code><code>%</code><code>}</code></p>\r\n\t\t\t</td>\r\n\t\t</tr>\r\n\t</tbody>\r\n</table>\r\n\r\n<p><strong>simple_tag</strong></p>\r\n\r\n<p>simple_tag\u7684\u4ee3\u7801\u65b9\u5f0f\u4e0efilter\u4e00\u6837\uff0c\u4e0d\u540c\u7684\u662f\u5728\u88c5\u9970\u5668\u90e8\u5206\u9700\u8981\u8c03\u7528simple_tag\u65b9\u6cd5</p>\r\n\r\n<p>&nbsp;</p>\r\n\r\n<table border=\"0\" cellpadding=\"0\" cellspacing=\"0\">\r\n\t<tbody>\r\n\t\t<tr>\r\n\t\t\t<td>\r\n\t\t\t<p><code>1</code></p>\r\n\r\n\t\t\t<p><code>2</code></p>\r\n\r\n\t\t\t<p><code>3</code></p>\r\n\r\n\t\t\t<p><code>4</code></p>\r\n\r\n\t\t\t<p><code>5</code></p>\r\n\r\n\t\t\t<p><code>6</code></p>\r\n\r\n\t\t\t<p><code>7</code></p>\r\n\r\n\t\t\t<p><code>8</code></p>\r\n\r\n\t\t\t<p><code>9</code></p>\r\n\r\n\t\t\t<p><code>10</code></p>\r\n\r\n\t\t\t<p><code>11</code></p>\r\n\r\n\t\t\t<p><code>12</code></p>\r\n\r\n\t\t\t<p><code>13</code></p>\r\n\t\t\t</td>\r\n\t\t\t<td>\r\n\t\t\t<p><code>from&nbsp;django&nbsp;import&nbsp;template</code></p>\r\n\r\n\t\t\t<p><code>from&nbsp;django.template.defaultfilters&nbsp;import&nbsp;stringfilter</code></p>\r\n\r\n\t\t\t<p>&nbsp;</p>\r\n\r\n\t\t\t<p><code>register&nbsp;=&nbsp;template.Library()</code></p>\r\n\r\n\t\t\t<p>&nbsp;</p>\r\n\r\n\t\t\t<p><code>@register.simple&nbsp;# \u8fd9\u91cc\u4fee\u6539\u4e3asimple_tag</code></p>\r\n\r\n\t\t\t<p><code>def&nbsp;value_verification(value):&nbsp;# value\u4e3a\u524d\u7aef\u4f20\u9012\u7684\u53c2\u6570</code></p>\r\n\r\n\t\t\t<p><code>&nbsp;try:</code></p>\r\n\r\n\t\t\t<p><code>&nbsp;&nbsp;int(value)</code></p>\r\n\r\n\t\t\t<p><code>&nbsp;&nbsp;return&nbsp;True</code></p>\r\n\r\n\t\t\t<p><code>&nbsp;except:</code></p>\r\n\r\n\t\t\t<p><code>&nbsp;&nbsp;return&nbsp;False</code></p>\r\n\t\t\t</td>\r\n\t\t</tr>\r\n\t</tbody>\r\n</table>\r\n\r\n<p>\u540c\u65f6\u524d\u7aef\u7684\u8c03\u7528\u65b9\u5f0f\u4e5f\u9700\u8981\u6539\u4e3a</p>\r\n\r\n<p>&nbsp;</p>\r\n\r\n<table border=\"0\" cellpadding=\"0\" cellspacing=\"0\">\r\n\t<tbody>\r\n\t\t<tr>\r\n\t\t\t<td>\r\n\t\t\t<p>1</p>\r\n\t\t\t</td>\r\n\t\t\t<td>\r\n\t\t\t<p><code>{</code><code>%</code>&nbsp;<code>value_verification load&nbsp;</code><code>%</code><code>}</code></p>\r\n\t\t\t</td>\r\n\t\t</tr>\r\n\t</tbody>\r\n</table>\r\n\r\n<p>\u4f20\u9012\u53c2\u6570</p>\r\n\r\n<p>- filter \u6700\u591a\u652f\u6301\u4e24\u4e2a\u53c2\u6570\u4f20\u9012</p>\r\n\r\n<p>- simple \u652f\u6301\u591a\u4e2a\u53c2\u6570\u4f20\u9012</p>\r\n\r\n<p>filter\u4e2d\u53ef\u4ee5\u901a\u8fc7\u4e0b\u9762\u7684\u65b9\u5f0f\u5b9e\u73b0\u53c2\u6570\u4f20\u9012</p>\r\n\r\n<p>&nbsp;</p>\r\n\r\n<table border=\"0\" cellpadding=\"0\" cellspacing=\"0\">\r\n\t<tbody>\r\n\t\t<tr>\r\n\t\t\t<td>\r\n\t\t\t<p>1</p>\r\n\t\t\t</td>\r\n\t\t\t<td>\r\n\t\t\t<p><code>{{ load | value_verification:</code><code>&quot;100&quot;</code><code>}}</code></p>\r\n\t\t\t</td>\r\n\t\t</tr>\r\n\t</tbody>\r\n</table>\r\n\r\n<p>\u8fd9\u91cc\u5373\u5411\u540e\u7aef\u4f20\u9012\u4e86\u4e24\u4e2a\u53c2\u6570\uff0c\u4e00\u4e2a\u662fload\uff0c\u53e6\u4e00\u4e2a\u662f100\uff0c\u540e\u7aef\u4e5f\u8981\u4e3a\u51fd\u6570\u6307\u5b9a\u597d\u5f62\u53c2\uff1a</p>\r\n\r\n<p>&nbsp;</p>\r\n\r\n<table border=\"0\" cellpadding=\"0\" cellspacing=\"0\">\r\n\t<tbody>\r\n\t\t<tr>\r\n\t\t\t<td>\r\n\t\t\t<p>1</p>\r\n\r\n\t\t\t<p>2</p>\r\n\t\t\t</td>\r\n\t\t\t<td>\r\n\t\t\t<p><code>def</code>&nbsp;<code>value_verification(value, custom):&nbsp;</code><code># \u914d\u7f6e\u597d\u5f62\u53c2</code></p>\r\n\r\n\t\t\t<p><code>&nbsp;</code><code>...</code></p>\r\n\t\t\t</td>\r\n\t\t</tr>\r\n\t</tbody>\r\n</table>\r\n\r\n<p>simple_tag\u4e2d\u53ef\u4ee5\u6307\u5b9a\u591a\u4e2a\u5f62\u53c2\uff0c\u524d\u53f0\u7684\u8c03\u7528\u65b9\u5f0f\u5982\u4e0b\uff1a</p>\r\n\r\n<p>&nbsp;</p>\r\n\r\n<table border=\"0\" cellpadding=\"0\" cellspacing=\"0\">\r\n\t<tbody>\r\n\t\t<tr>\r\n\t\t\t<td>\r\n\t\t\t<p>1</p>\r\n\t\t\t</td>\r\n\t\t\t<td>\r\n\t\t\t<p><code>{</code><code>%</code>&nbsp;<code>value_verification load&nbsp;</code><code>100</code>&nbsp;<code>200</code>&nbsp;<code>...&nbsp;</code><code>%</code><code>}</code></p>\r\n\t\t\t</td>\r\n\t\t</tr>\r\n\t</tbody>\r\n</table>\r\n\r\n<p>\u8fd9\u91ccfilter\u4e2d\u6700\u591a\u53ea\u80fd\u63a5\u53d7\u4e24\u4e2a\u53c2\u6570\uff0c\u4f46\u6b64\u65f6\u53c2\u6570\u53c8\u591a\uff0c\u53c8\u4e0d\u60f3\u4f7f\u7528simple_tag\u7684\u60c5\u51b5\u4e0b\uff0c\u53ef\u4ee5\u5c06\u591a\u4e2a\u53c2\u6570\u7528\u7279\u5b9a\u5b57\u7b26\u62fc\u63a5\u6210\u4e00\u4e2a<a href=\"http://www.php.cn/wiki/57.html\" target=\"_blank\">\u5b57\u7b26\u4e32</a>\u4f20\u9012\u7ed9\u540e\u7aef\uff0c\u540e\u7aef\u901a\u8fc7split\u65b9\u5f0f\u540c\u6837\u80fd\u83b7\u53d6\u591a\u4e2a\u53c2\u6570\u3002</p>\r\n\r\n<p><strong>\u5bf9\u6bd4\u603b\u7ed3</strong></p>\r\n\r\n<p>\u901a\u8fc7simple_tag\u548cfilter\u53ef\u4ee5\u5b8c\u6210\u6a21\u677f\u5f15\u64ce\u65e0\u6cd5\u5b8c\u6210\u7684\u67d0\u4e9b\u4e8b\u60c5\uff0cfilter\u5c06\u6211\u4eec\u6307\u5b9a\u7684\u51fd\u6570\u53d8\u6210\u4e86\u8fd4\u56de\u503c\u53ef\u6267\u884c\u7684\u65b9\u6cd5\uff0csimple_tag\u5c06\u51fd\u6570\u529f\u80fd\u53d8\u4e3a\u6807\u7b7e\u529f\u80fd\uff0c\u4f8b\u5982if\u3001ifequal\u7b49\uff0c\u540c\u6837\u8c03\u7528\u65b9\u5f0f\u4e5f\u4e0d\u540c\uff0c\u5bf9\u6bd4\u5982\u4e0b\uff1a</p>\r\n\r\n<p>&nbsp;</p>\r\n\r\n<table border=\"0\" cellpadding=\"0\" cellspacing=\"0\">\r\n\t<tbody>\r\n\t\t<tr>\r\n\t\t\t<td>\r\n\t\t\t<p>1</p>\r\n\r\n\t\t\t<p>2</p>\r\n\t\t\t</td>\r\n\t\t\t<td>\r\n\t\t\t<p><code>{{ load | value_verification }}&nbsp;</code><code># filter</code></p>\r\n\r\n\t\t\t<p><code>{</code><code>%</code>&nbsp;<code>value_verification load&nbsp;</code><code>%</code><code>}&nbsp;</code><code># simple_tag</code></p>\r\n\t\t\t</td>\r\n\t\t</tr>\r\n\t</tbody>\r\n</table>\r\n\r\n<p>\u56e0\u4e3a\u8c03\u7528\u65b9\u5f0f\u7684\u4e0d\u540c\uff0c\u5982\u679c\u8fd4\u56de\u503c\u9700\u8981\u505a\u4e3aif\u6216ifequal\u5224\u65ad\u4f9d\u636e\u7684\u8bdd\uff0c\u8fd9\u91cc\u53ea\u80fd\u4f7f\u7528filter\u65b9\u6cd5\u4e86\uff0cstringfilter\u65b9\u6cd5\u53ef\u4ee5\u5b9e\u73b0\u5c06\u63a5\u6536\u5230\u7684\u6240\u6709\u53c2\u6570\u53d8\u4e3a\u5b57\u7b26\u4e32\u7c7b\u578b\uff0c\u540cregister\u88c5\u9970\u5668\u4e00\u6837\u5f15\u7528\u5230\u51fd\u6570\u65b9\u6cd5\u4e0a\u5373\u53ef\uff0c\u8fd9\u91cc\u6ce8\u610f\u8981\u653e\u5728register\u4e0b\u9762\uff0c\u5426\u5219\u65e0\u6cd5\u751f\u6548\u3002</p>", "read_num": 18, "pub_date": "2018-06-01T07:37:02.990Z", "modify_date": "2018-06-14T02:16:34.482Z", "author": 2, "is_original": true, "blog_url": ""}}, {"model": "blog.blogs", "pk": 9, "fields": {"title": "\u673a\u5668\u5b66\u4e60(\u4e00) \u2014\u2014 \u6d45\u8c08\u8d1d\u53f6\u65af\u548cMCMC", "blog_type": 7, "content": "<p style=\"text-align:center\"><img alt=\"\" src=\"/media/upload/2018/06/07/timg.jpg\" style=\"height:383px; width:638px\" /><br />\r\n&nbsp;</p>\r\n\r\n<h2>\u6d45\u8c08\u8d1d\u53f6\u65af</h2>\r\n\r\n<p>\u4e0d\u8bba\u662f\u5b66\u4e60\u6982\u7387\u7edf\u8ba1\u8fd8\u662f\u673a\u5668\u5b66\u4e60\u7684\u8fc7\u7a0b\u4e2d\uff0c\u8d1d\u53f6\u65af\u603b\u662f\u662f\u7ed5\u4e0d\u8fc7\u53bb\u7684\u4e00\u9053\u574e\uff0c\u5927\u90e8\u5206\u4eba\u5728\u5b66\u4e60\u7684\u65f6\u5019\u90fd\u662f\u5728\u5f3a\u884c\u5730\u80cc\u516c\u5f0f\u548c\u5957\u7528\u65b9\u6cd5\uff0c\u6ca1\u6709\u771f\u6b63\u53bb\u7406\u89e3\u5176\u725b\u903c\u7684\u601d\u60f3\u5185\u6db5\u3002\u6211\u770b\u4e86\u4e00\u4e0bChalmers\u4e00\u4e9b\u6d89\u53ca\u5230\u8d1d\u53f6\u65af\u7edf\u8ba1\u7684\u8bfe\u7a0b\uff0ccontent\u91cc\u7684\u7b2c\u4e00\u6761\u90fd\u662f&nbsp;<strong>Philosophy of Bayesian statistics</strong>\u3002</p>\r\n\r\n<h2>\u5386\u53f2\u80cc\u666f</h2>\r\n\r\n<p>\u4ec0\u4e48\u4e8b\u90fd\u8981\u4ece\u5934\u8bf4\u8d77\uff0c\u8d1d\u53f6\u65af\u5168\u540d\u4e3a\u6258\u9a6c\u65af&middot;\u8d1d\u53f6\u65af(Thomas Bayes\uff0c1701-1761),\u662f\u4e00\u4f4d\u4e0e\u725b\u987f\u540c\u65f6\u4ee3\u7684\u7267\u5e08\uff0c\u662f\u4e00\u4f4d\u4e1a\u4f59\u6570\u5b66\u5bb6\uff0c\u5e73\u65f6\u5c31\u601d\u8003\u4e9b\u6709\u5173\u4e0a\u5e1d\u7684\u4e8b\u60c5\uff0c\u5f53\u7136\uff0c\u7edf\u8ba1\u5b66\u5bb6\u90fd\u8ba4\u4e3a\u6982\u7387\u8fd9\u4e2a\u4e1c\u897f\u5c31\u662f\u4e0a\u5e1d\u5728\u63b7\u9ab0\u5b50\u3002\u5f53\u65f6\u8d1d\u53f6\u65af\u53d1\u73b0\u4e86\u53e4\u5178\u7edf\u8ba1\u5b66\u5f53\u4e2d\u7684\u4e00\u4e9b\u7f3a\u70b9\uff0c\u4ece\u800c\u63d0\u51fa\u4e86\u81ea\u5df1\u7684&ldquo;\u8d1d\u53f6\u65af\u7edf\u8ba1\u5b66&rdquo;\uff0c\u4f46\u8d1d\u53f6\u65af\u7edf\u8ba1\u5f53\u4e2d\u7531\u4e8e\u5f15\u5165\u4e86\u4e00\u4e2a\u4e3b\u89c2\u56e0\u7d20\uff08\u5148\u9a8c\u6982\u7387\uff0c\u4e0b\u6587\u4f1a\u4ecb\u7ecd\uff09\uff0c\u4e00\u70b9\u90fd\u4e0d\u88ab\u5f53\u65f6\u7684\u4eba\u8ba4\u53ef\u3002\u76f4\u523020\u4e16\u7eaa\u4e2d\u671f\uff0c\u4e5f\u5c31\u662f\u5feb200\u5e74\u540e\u4e86\uff0c\u7edf\u8ba1\u5b66\u5bb6\u5728\u53e4\u5178\u7edf\u8ba1\u5b66\u4e2d\u9047\u5230\u4e86\u74f6\u9888\uff0c\u4f34\u968f\u7740\u8ba1\u7b97\u673a\u6280\u672f\u7684\u53d1\u5c55\uff0c\u5f53\u7edf\u8ba1\u5b66\u5bb6\u4f7f\u7528\u8d1d\u53f6\u65af\u7edf\u8ba1\u7406\u8bba\u65f6\u53d1\u73b0\u80fd\u89e3\u51b3\u5f88\u591a\u4e4b\u524d\u4e0d\u80fd\u89e3\u51b3\u7684\u95ee\u9898\uff0c\u4ece\u800c\u8d1d\u53f6\u65af\u7edf\u8ba1\u5b66\u4e00\u4e0b\u5b50\u706b\u4e86\u8d77\u6765\uff0c\u4e24\u4e2a\u7edf\u8ba1\u5b66\u6d3e\u4ece\u6b64\u4e89\u8bba\u4e0d\u4f11\u3002</p>\r\n\r\n<h2>\u4ec0\u4e48\u662f\u6982\u7387\uff1f</h2>\r\n\r\n<p>\u4ec0\u4e48\u662f\u6982\u7387\u8fd9\u4e2a\u95ee\u9898\u4f3c\u4e4e\u4eba\u4eba\u90fd\u89c9\u5f97\u81ea\u5df1\u77e5\u9053\uff0c\u5374\u6709\u5f88\u96be\u8bf4\u660e\u767d\u3002\u6bd4\u5982\u8bf4\u6211\u95ee\u4f60&nbsp;<strong>\u63b7\u4e00\u679a\u786c\u5e01\u4e3a\u6b63\u9762\u7684\u6982\u7387\u4e3a\u591a\u5c11\uff1f</strong>\uff0c\u5927\u90e8\u5206\u4eba\u7b2c\u4e00\u53cd\u5e94\u5c31\u662f50%\u7684\u51e0\u7387\u4e3a\u6b63\u3002\u4e0d\u597d\u610f\u601d\uff0c\u9996\u5148\u8fd9\u4e2a\u7b54\u6848\u5c31\u4e0d\u6b63\u786e\uff0c\u53ea\u6709\u5f53\u6750\u8d28\u5747\u5300\u65f6\u786c\u5e01\u4e3a\u6b63\u9762\u7684\u51e0\u7387\u624d\u662f50%\uff08\u6240\u4ee5\u4e0d\u8981\u89c9\u5f97\u6253\u9ebb\u5c06\u7684\u65f6\u5019\u90a3\u4e2a\u9ab0\u5b50\u6bcf\u9762\u7684\u51e0\u7387\u662f\u76f8\u7b49\u7684\uff0c\u4e07\u4e00\u88ab\u505a\u4e86\u624b\u811a\u5462\uff09\u3002\u597d\uff0c\u90a3\u73b0\u5728\u5047\u8bbe\u786c\u5e01\u7684\u6750\u8d28\u662f\u5747\u5300\u7684\uff0c\u90a3\u4e48\u4e3a\u4ec0\u4e48\u6b63\u9762\u7684\u51e0\u7387\u5c31\u662f50%\u5462\uff1f\u6709\u4eba\u4f1a\u8bf4\u662f\u56e0\u4e3a\u6211\u63b7\u4e861000\u6b21\u786c\u5e01\uff0c\u5927\u6982\u6709492\u6b21\u662f\u6b63\u9762\uff0c508\u6b21\u662f\u53cd\u9762\uff0c\u6240\u4ee5\u8fd1\u4f3c\u8ba4\u4e3a\u662f50%\uff0c\u8bf4\u5f97\u5f88\u597d\uff08\u63b7\u4e861000\u6b21\u6211\u4e5f\u662f\u670d\u4f60\uff09\u3002<br />\r\n\u63b7\u786c\u5e01\u7684\u4f8b\u5b50\u8bf4\u660e\u4e86\u53e4\u5178\u7edf\u8ba1\u5b66\u7684\u601d\u60f3\uff0c\u5c31\u662f\u6982\u7387\u662f\u57fa\u4e8e\u5927\u91cf\u5b9e\u9a8c\u7684\uff0c\u4e5f\u5c31\u662f&nbsp;<strong>\u5927\u6570\u5b9a\u7406</strong>\u3002\u90a3\u4e48\u73b0\u5728\u518d\u95ee\u4f60\uff0c\u6709\u4e9b\u4e8b\u4ef6\uff0c\u4f8b\u5982\uff1a<strong>\u660e\u5929\u4e0b\u96e8\u7684\u6982\u7387\u662f30%\uff1bA\u5730\u4f1a\u53d1\u751f\u5730\u9707\u7684\u6982\u7387\u662f5%\uff1b\u4e00\u4e2a\u4eba\u5f97\u5fc3\u810f\u75c5\u7684\u6982\u7387\u662f40%&hellip;&hellip;</strong>&nbsp;\u8fd9\u4e9b\u6982\u7387\u600e\u4e48\u89e3\u91ca\u5462\uff1f\u96be\u9053\u662fA\u5730\u771f\u7684100\u6b21\u7684\u673a\u4f1a\u91cc\uff0c\u5730\u9707\u4e865\u6b21\u5417\uff1f\u80af\u5b9a\u4e0d\u662f\u8fd9\u6837\uff0c\u6240\u4ee5\u53e4\u5178\u7edf\u8ba1\u5b66\u5c31\u65e0\u6cd5\u89e3\u91ca\u4e86\u3002\u518d\u56de\u5230\u63b7\u786c\u5e01\u7684\u4f8b\u5b50\u4e2d\uff0c\u5982\u679c\u4f60\u6ca1\u6709\u673a\u4f1a\u63b71000\u6b21\u8fd9\u4e48\u591a\u6b21\uff0c\u800c\u662f\u53ea\u63b7\u4e863\u6b21\uff0c\u53ef\u8fd93\u6b21\u53c8\u90fd\u662f\u6b63\u9762\uff0c\u90a3\u8be5\u600e\u4e48\u529e\uff1f\u96be\u9053\u8fd9\u4e2a\u6b63\u9762\u7684\u6982\u7387\u5c31\u662f100%\u4e86\u5417\uff1f\u8fd9\u4e5f\u662f\u53e4\u5178\u7edf\u8ba1\u5b66\u7684\u5f0a\u7aef\u3002</p>\r\n\r\n<h2>\u4e3e\u4e2a\u4f8b\u5b50\uff1a\u751f\u75c5\u7684\u51e0\u7387</h2>\r\n\r\n<blockquote>\r\n<p>\u4e00\u79cd\u764c\u75c7\uff0c\u5f97\u4e86\u8fd9\u4e2a\u764c\u75c7\u7684\u4eba\u88ab\u68c0\u6d4b\u51fa\u4e3a\u9633\u6027\u7684\u51e0\u7387\u4e3a90%\uff0c\u672a\u5f97\u8fd9\u79cd\u764c\u75c7\u7684\u4eba\u88ab\u68c0\u6d4b\u51fa\u9634\u6027\u7684\u51e0\u7387\u4e3a90%\uff0c\u800c\u4eba\u7fa4\u4e2d\u5f97\u8fd9\u79cd\u764c\u75c7\u7684\u51e0\u7387\u4e3a1%\uff0c\u4e00\u4e2a\u4eba\u88ab\u68c0\u6d4b\u51fa\u9633\u6027\uff0c\u95ee\u8fd9\u4e2a\u4eba\u5f97\u764c\u75c7\u7684\u51e0\u7387\u4e3a\u591a\u5c11\uff1f<br />\r\n\u731b\u5730\u4e00\u770b\uff0c\u88ab\u68c0\u67e5\u51fa\u9633\u6027\uff0c\u800c\u4e14\u5f97\u764c\u75c7\u7684\u8bdd\u9633\u6027\u7684\u6982\u7387\u662f90%\uff0c\u90a3\u60f3\u5fc5\u8fd9\u4e2a\u4eba\u5e94\u8be5\u662f\u96be\u4ee5\u5e78\u514d\u4e86\u3002\u90a3\u6211\u4eec\u63a5\u4e0b\u6765\u5c31\u7b97\u7b97\u770b\u3002</p>\r\n</blockquote>\r\n\r\n<p>\u6211\u4eec\u7528&nbsp;AA&nbsp;\u8868\u793a\u4e8b\u4ef6 &ldquo;\u6d4b\u51fa\u4e3a\u9633\u6027&rdquo;, \u7528&nbsp;B1B1&nbsp;\u8868\u793a&ldquo;\u5f97\u764c\u75c7&rdquo;,&nbsp;B2B2&nbsp;\u8868\u793a&ldquo;\u672a\u5f97\u764c\u75c7&rdquo;\u3002\u6839\u636e\u9898\u76ee\uff0c\u6211\u4eec\u77e5\u9053\u5982\u4e0b\u4fe1\u606f:</p>\r\n\r\n<p>&nbsp;</p>\r\n\r\n<p>P(A|B1)=0.9,P(A|B2)=0.1,P(B1)=0.01,P(B2)=0.99P(A|B1)=0.9,P(A|B2)=0.1,P(B1)=0.01,P(B2)=0.99</p>\r\n\r\n<p><br />\r\n\u90a3\u4e48\u6211\u4eec\u73b0\u5728\u60f3\u5f97\u5230\u7684\u662f\u5df2\u77e5\u4e3a\u9633\u6027\u7684\u60c5\u51b5\u4e0b\uff0c\u5f97\u764c\u75c7\u7684\u51e0\u7387&nbsp;P(B1,A)P(B1,A)&nbsp;:</p>\r\n\r\n<p>&nbsp;</p>\r\n\r\n<p>P(B1,A)=P(B1)&sdot;P(A|B1)=0.01&times;0.9=0.009P(B1,A)=P(B1)&sdot;P(A|B1)=0.01&times;0.9=0.009</p>\r\n\r\n<p><br />\r\n\u8fd9\u91cc&nbsp;P(B1,A)P(B1,A)&nbsp;\u8868\u793a\u7684\u662f\u8054\u5408\u6982\u7387\uff0c\u5f97\u764c\u75c7\u4e14\u68c0\u6d4b\u51fa\u9633\u6027\u7684\u6982\u7387\u662f\u4eba\u7fa4\u4e2d\u5f97\u764c\u75c7\u7684\u6982\u7387\u4e58\u4e0a\u5f97\u764c\u75c7\u65f6\u6d4b\u51fa\u662f\u9633\u6027\u7684\u51e0\u7387\uff0c\u662f0.009\u3002\u540c\u7406\u53ef\u5f97\u5f97\u764c\u75c7\u4e14\u68c0\u6d4b\u51fa\u9633\u6027\u7684\u6982\u7387\uff1a</p>\r\n\r\n<p>P(B2,A)=P(B2)&sdot;P(A|B2)=0.99&times;0.1=0.099P(B2,A)=P(B2)&sdot;P(A|B2)=0.99&times;0.1=0.099</p>\r\n\r\n<p><br />\r\n\u8fd9\u4e2a\u6982\u7387\u662f\u4ec0\u4e48\u610f\u601d\u5462\uff1f\u5176\u5b9e\u662f\u6307\u5982\u679c\u4eba\u7fa4\u4e2d\u67091000\u4e2a\u4eba\uff0c\u68c0\u6d4b\u51fa\u9633\u6027\u5e76\u4e14\u5f97\u764c\u75c7\u7684\u4eba\u67099\u4e2a\uff0c\u68c0\u6d4b\u51fa\u9633\u6027\u4f46\u672a\u5f97\u764c\u75c7\u7684\u4eba\u670999\u4e2a\u3002\u53ef\u4ee5\u770b\u51fa\uff0c\u68c0\u6d4b\u51fa\u9633\u6027\u5e76\u4e0d\u53ef\u6015\uff0c\u4e0d\u5f97\u764c\u75c7\u7684\u662f\u7edd\u5927\u591a\u6570\u7684\uff0c\u8fd9\u8ddf\u6211\u4eec\u4e00\u5f00\u59cb\u7684\u76f4\u89c9\u5224\u65ad\u662f\u4e0d\u540c\u7684\uff01\u53ef\u76f4\u5230\u73b0\u5728\uff0c\u6211\u4eec\u5e76\u6ca1\u6709\u5f97\u5230\u6240\u8c13\u7684&ldquo;\u5728\u68c0\u6d4b\u51fa\u9633\u6027\u7684\u524d\u63d0\u4e0b\u5f97\u764c\u75c7\u7684&nbsp;<strong>\u6982\u7387</strong>&nbsp;&rdquo;\uff0c\u600e\u4e48\u5f97\u5230\u5462\uff1f\u5f88\u7b80\u5355\uff0c\u5c31\u662f\u770b\u88ab\u6d4b\u51fa\u4e3a\u9633\u6027\u7684\u8fd9108(9+99)\u4eba\u91cc\uff0c9\u4eba\u548c99\u4eba\u5206\u522b\u5360\u7684\u6bd4\u4f8b\u5c31\u662f\u6211\u4eec\u8981\u7684,\u4e5f\u5c31\u662f\u8bf4\u6211\u4eec\u53ea\u9700\u8981\u6dfb\u52a0\u4e00\u4e2a\u5f52\u4e00\u5316\u56e0\u5b50(normalization)\u5c31\u53ef\u4ee5\u4e86\u3002\u6240\u4ee5\u9633\u6027\u5f97\u764c\u75c7\u7684\u6982\u7387&nbsp;P(B1|A)P(B1|A)&nbsp;\u4e3a\uff1a0.0090.099+0.009&asymp;0.0830.0090.099+0.009&asymp;0.083&nbsp;, \u9633\u6027\u672a\u5f97\u764c\u75c7\u7684\u6982\u7387&nbsp;P(B2|A)P(B2|A)&nbsp;\u4e3a\uff1a&nbsp;0.0990.099+0.009&asymp;0.9170.0990.099+0.009&asymp;0.917&nbsp;\u3002 \u8fd9\u91cc&nbsp;P(B1|A)P(B1|A)&nbsp;\uff0c&nbsp;P(B2|A)P(B2|A)&nbsp;\u4e2d\u95f4\u591a\u4e86\u8fd9\u4e00\u7ad6\u7ebf||\u6210\u4e3a\u4e86\u6761\u4ef6\u6982\u7387\uff0c\u800c\u8fd9\u4e2a\u6982\u7387\u5c31\u662f\u8d1d\u53f6\u65af\u7edf\u8ba1\u4e2d\u7684&nbsp;<strong>\u540e\u9a8c\u6982\u7387</strong>\uff01\u800c\u4eba\u7fa4\u4e2d\u60a3\u764c\u75c7\u4e0e\u5426\u7684\u6982\u7387&nbsp;P(B1),P(B2)P(B1),P(B2)\u5c31\u662f&nbsp;<strong>\u5148\u9a8c\u6982\u7387</strong>\uff01\u6211\u4eec\u77e5\u9053\u4e86\u5148\u9a8c\u6982\u7387\uff0c\u6839\u636e\u89c2\u6d4b\u503c(observation)\uff0c\u4e5f\u53ef\u79f0\u4e3atest evidence\uff1a\u662f\u5426\u4e3a\u9633\u6027\uff0c\u6765\u5224\u65ad\u5f97\u764c\u75c7\u7684\u540e\u9a8c\u6982\u7387\uff0c\u8fd9\u5c31\u662f\u57fa\u672c\u7684\u8d1d\u53f6\u65af\u601d\u60f3\uff0c\u6211\u4eec\u73b0\u5728\u5c31\u80fd\u5f97\u51fa\u672c\u9898\u7684\u540e\u9a8c\u6982\u7387\u7684\u516c\u5f0f\u4e3a\uff1a</p>\r\n\r\n<p>P(Bi|A)=P(Bi)&sdot;P(A|Bi)P(B1)&sdot;P(A|B1)+P(B2)&sdot;P(A|B2)P(Bi|A)=P(Bi)&sdot;P(A|Bi)P(B1)&sdot;P(A|B1)+P(B2)&sdot;P(A|B2)</p>\r\n\r\n<p><br />\r\n\u7531\u6b64\u5c31\u80fd\u5f97\u5230\u5982\u4e0b\u7684\u8d1d\u53f6\u65af\u516c\u5f0f\u7684\u4e00\u822c\u5f62\u5f0f\u3002</p>\r\n\r\n<h2>\u8d1d\u53f6\u65af\u516c\u5f0f</h2>\r\n\r\n<p>\u6211\u4eec\u628a\u4e0a\u9762\u4f8b\u9898\u4e2d\u7684&nbsp;AA&nbsp;\u53d8\u6210\u6837\u672c(sample)&nbsp;xx&nbsp;, \u628a&nbsp;BB&nbsp;\u53d8\u6210\u53c2\u6570(parameter)&nbsp;&theta;&theta;, \u6211\u4eec\u4fbf\u5f97\u5230\u6211\u4eec\u7684\u8d1d\u53f6\u65af\u516c\u5f0f\uff1a</p>\r\n\r\n<p>&nbsp;</p>\r\n\r\n<p>&pi;(&theta;i|x)=f(x|&theta;i)&pi;(&theta;i)&sum;if(x|&theta;i)&pi;(&theta;i)&pi;(&theta;i|x)=f(x|&theta;i)&pi;(&theta;i)&sum;if(x|&theta;i)&pi;(&theta;i)</p>\r\n\r\n<p>\u53ef\u4ee5\u770b\u51fa\u4e0a\u9762\u8fd9\u4e2a\u4f8b\u5b50\u4e2d\uff0cBB&nbsp;\u4e8b\u4ef6\u7684\u5206\u5e03\u662f\u79bb\u6563\u7684\uff0c\u6240\u4ee5\u5728\u5206\u6bcd\u7528\u7684\u662f\u6c42\u548c\u7b26\u53f7&nbsp;&sum;&sum;&nbsp;\u3002\u90a3\u5982\u679c\u6211\u4eec\u7684\u53c2\u6570&nbsp;&theta;&theta;&nbsp;\u7684\u5206\u5e03\u662f\u8fde\u7eed\u7684\u5462\uff1f\u6ca1\u9519\uff0c\u90a3\u5c31\u8981\u7528\u79ef\u5206\uff0c\u4e8e\u662f\u6211\u4eec\u7ec8\u4e8e\u5f97\u5230\u4e86\u771f\u6b63\u7684&nbsp;<strong>\u8d1d\u53f6\u65af\u516c\u5f0f</strong>&nbsp;\uff1a</p>\r\n\r\n<p>&nbsp;</p>\r\n\r\n<p>&pi;(&theta;|x)=f(x|&theta;)&pi;(&theta;)&int;&Theta;f(x|&theta;)&pi;(&theta;)d&theta;&pi;(&theta;|x)=f(x|&theta;)&pi;(&theta;)&int;&Theta;f(x|&theta;)&pi;(&theta;)d&theta;</p>\r\n\r\n<p>\u5176\u4e2d&nbsp;&pi;&pi;&nbsp;\u6307\u7684\u662f\u53c2\u6570\u7684\u6982\u7387\u5206\u5e03\uff0c&nbsp;&pi;(&theta;)&pi;(&theta;)&nbsp;\u6307\u7684\u662f\u5148\u9a8c\u6982\u7387\uff0c&nbsp;&pi;(&theta;|x)&pi;(&theta;|x)&nbsp;\u6307\u7684\u662f\u540e\u9a8c\u6982\u7387\uff0c&nbsp;f(x|&theta;)f(x|&theta;)&nbsp;\u6307\u7684\u662f\u6211\u4eec\u89c2\u6d4b\u5230\u7684\u6837\u672c\u7684\u5206\u5e03\uff0c\u4e5f\u5c31\u662f\u4f3c\u7136\u51fd\u6570(likelihood)\uff0c\u8bb0\u4f4f&nbsp;<strong>\u7ad6\u7ebf&nbsp;||&nbsp;\u5de6\u8fb9\u7684\u624d\u662f\u6211\u4eec\u9700\u8981\u7684</strong>\u3002\u5176\u4e2d\u79ef\u5206\u6c42\u7684\u533a\u95f4&nbsp;&Theta;&Theta;&nbsp;\u6307\u7684\u662f\u53c2\u6570&nbsp;&theta;&theta;&nbsp;\u6240\u6709\u53ef\u80fd\u53d6\u5230\u7684\u503c\u7684\u57df\uff0c\u6240\u4ee5\u53ef\u4ee5\u770b\u51fa\u540e\u9a8c\u6982\u7387&nbsp;&pi;(&theta;|x)&pi;(&theta;|x)&nbsp;\u662f\u5728\u77e5\u9053&nbsp;xx&nbsp;\u7684\u524d\u63d0\u4e0b\u5728&nbsp;&Theta;&Theta;&nbsp;\u57df\u5185\u7684\u4e00\u4e2a\u5173\u4e8e&nbsp;&theta;&theta;&nbsp;\u7684\u6982\u7387\u5bc6\u5ea6\u5206\u5e03\uff0c\u6bcf\u4e00\u4e2a&nbsp;&theta;&theta;&nbsp;\u90fd\u6709\u4e00\u4e2a\u5bf9\u5e94\u7684\u53ef\u80fd\u6027(\u4e5f\u5c31\u662f\u6982\u7387)\u3002</p>\r\n\r\n<h2>\u7406\u89e3\u8d1d\u53f6\u65af\u516c\u5f0f</h2>\r\n\r\n<p>\u8fd9\u4e2a\u516c\u5f0f\u5e94\u8be5\u5728\u6982\u7387\u8bba\u4e66\u4e2d\u5c31\u6709\u63d0\u5230\uff0c\u53cd\u6b63\u5f53\u65f6\u6211\u4e5f\u53ea\u662f\u6b7b\u8bb0\u786c\u80cc\u4f4f\uff0c\u7136\u540e\u9047\u5230\u9898\u76ee\u5c31\u5957\u7528\u3002\u751a\u81f3\u5728Chalmers\u5b66\u4e86\u4e00\u95e8\u7edf\u8ba1\u63a8\u65ad\u7684\u8bfe\u8bb2\u4e86\u8d1d\u53f6\u65af\uff0c\u5927\u90e8\u5206\u65f6\u95f4\u6211\u8fd8\u662f\u5728\u5957\u7528\u516c\u5f0f\uff0c\u76f4\u5230\u540e\u6765\u7ed3\u5408\u4e86\u4e00\u4e9b\u4e13\u95e8\u8bb2\u89e3\u8d1d\u53f6\u65af\u7684\u8bfe\u7a0b\u548c\u8d44\u6599\u624d\u6709\u4e86\u4e00\u4e9b\u771f\u6b63\u7684\u7406\u89e3\u3002\u8981\u60f3\u7406\u89e3\u8fd9\u4e2a\u516c\u5f0f\uff0c\u9996\u5148\u8981\u77e5\u9053\u8fd9\u4e2a\u7ad6\u7ebf&nbsp;||&nbsp;\u7684\u4e24\u4fa7\u4e00\u4f1a\u662f&nbsp;x|&theta;x|&theta;&nbsp;\uff0c\u4e00\u4f1a\u662f&nbsp;&theta;|x&theta;|x&nbsp;\u5230\u5e95\u6307\u7684\u662f\u4ec0\u4e48\uff0c\u6216\u8005\u8bf4\u4f3c\u7136\u51fd\u6570\u548c\u53c2\u6570\u6982\u7387\u5206\u5e03\u5230\u5e95\u6307\u7684\u662f\u4ec0\u4e48\u3002</p>\r\n\r\n<h3>\u4f3c\u7136\u51fd\u6570</h3>\r\n\r\n<p>\u9996\u5148\u6765\u770b\u4f3c\u7136\u51fd\u6570&nbsp;f(x|&theta;)f(x|&theta;)\uff0c\u4f3c\u7136\u51fd\u6570\u542c\u8d77\u6765\u5f88\u964c\u751f\uff0c\u5176\u5b9e\u5c31\u662f\u6211\u4eec\u5728\u6982\u7387\u8bba\u5f53\u4e2d\u770b\u5230\u7684\u5404\u79cd\u6982\u7387\u5206\u5e03&nbsp;f(x)f(x)\uff0c\u90a3\u4e3a\u4ec0\u4e48\u540e\u9762\u8981\u52a0\u4e2a\u53c2\u6570&nbsp;|&theta;|&theta;&nbsp;\u5462\uff1f\u6211\u4eec\u77e5\u9053\uff0c\u63b7\u786c\u5e01\u8fd9\u4e2a\u4e8b\u4ef6\u662f\u670d\u4ece\u4f2f\u52aa\u5229\u5206\u5e03\u7684&nbsp;Ber(p)Ber(p)&nbsp;,&nbsp;nn\u6b21\u7684\u4f2f\u52aa\u5229\u5b9e\u9a8c\u5c31\u662f\u6211\u4eec\u719f\u77e5\u7684\u4e8c\u9879\u5206\u5e03&nbsp;Bin(n,p)Bin(n,p), \u8fd9\u91cc\u7684p\u5c31\u662f\u4e00\u4e2a\u53c2\u6570\uff0c\u539f\u6765\u6211\u4eec\u5728\u505a\u5b9e\u9a8c\u4e4b\u524d\uff0c\u8fd9\u4e2a\u53c2\u6570\u5c31\u5df2\u7ecf\u5b58\u5728\u4e86(\u53ef\u4ee5\u7406\u89e3\u4e3a\u4e0a\u5e1d\u5df2\u7ecf\u5b9a\u597d\u4e86)\uff0c\u6211\u4eec\u62bd\u6837\u51fa\u5f88\u591a\u7684\u6837\u672c&nbsp;xx&nbsp;\u662f\u4e3a\u4e86\u627e\u51fa\u8fd9\u4e2a\u53c2\u6570\uff0c\u6211\u4eec\u4e0a\u9762\u6240\u8bf4\u7684\u63b7\u786c\u5e01\u7684\u4f8b\u5b50\uff0c\u7531\u4e8e\u6211\u4eec\u63b7\u4e861000\u6b21\u6709492\u6b21\u662f\u6b63\u9762\uff0c\u6839\u636e\u6c42\u671f\u671b\u7684\u516c\u5f0f&nbsp;n&sdot;p=&mu;n&sdot;p=&mu;&nbsp;(492\u5c31\u662f\u6211\u4eec\u7684\u671f\u671b)\u53ef\u4ee5\u5f97\u51fa\u53c2\u6570&nbsp;pp&nbsp;\u4e3a&nbsp;4921000=0.4924921000=0.492\uff0c\u6240\u4ee5\u6211\u4eec\u624d\u8ba4\u4e3a\u6b63\u9762\u7684\u6982\u7387\u662f\u8fd1\u4f3c50%\u7684\u3002<br />\r\n\u73b0\u5728\u6211\u4eec\u77e5\u9053\u4e86\uff0c\u5176\u5b9e\u6211\u4eec\u89c2\u6d4b\u5230\u6837\u672c&nbsp;xx&nbsp;\u7684\u5206\u5e03\u662f\u5728\u4ee5\u67d0\u4e2a\u53c2\u6570&nbsp;&theta;&theta;&nbsp;\u4e3a\u524d\u63d0\u4e0b\u5f97\u51fa\u6765\u7684\uff0c\u6240\u4ee5\u6211\u4eec\u8bb0\u4e3a&nbsp;f(x|&theta;)f(x|&theta;)\uff0c\u53ea\u662f\u6211\u4eec\u5e76\u4e0d\u77e5\u9053\u8fd9\u4e2a\u53c2\u6570\u662f\u591a\u5c11\u3002\u6240\u4ee5&nbsp;<strong>\u53c2\u6570\u4f30\u8ba1</strong>&nbsp;\u6210\u4e3a\u4e86\u7edf\u8ba1\u5b66\u91cc\u5f88\u5927\u7684\u4e00\u4e2a\u8bfe\u9898\uff0c\u53e4\u5178\u7edf\u8ba1\u5b66\u4e2d\u5e38\u7528\u7684\u65b9\u6cd5\u6709\u4e24\u79cd\uff1a<strong>\u77e9\u65b9\u6cd5(momnet)</strong>&nbsp;\u548c&nbsp;<strong>\u6700\u5927\u4f3c\u7136\u4f30\u8ba1(maximum likelihood estimate, mle)</strong>&nbsp;\uff0c\u6211\u4eec\u5e38\u7528\u7684\u50cf\u4e0a\u9762\u63b7\u786c\u5e01\u4f8b\u5b50\u4e2d\u6c42\u5747\u503c\u7684\u65b9\u6cd5\uff0c\u672c\u8d28\u5c31\u662f\u77e9\u4f30\u8ba1\u65b9\u6cd5\uff0c\u8fd9\u662f\u57fa\u4e8e\u5927\u6570\u5b9a\u7406\u7684\u3002\u800c\u7edf\u8ba1\u5b66\u4e2d\u66f4\u5e7f\u6cdb\u7684\u662f\u4f7f\u7528\u6700\u5927\u4f3c\u7136\u4f30\u8ba1\u7684\u65b9\u6cd5\uff0c\u539f\u7406\u5176\u5b9e\u5f88\u7b80\u5355\uff0c\u5728\u8fd9\u7b80\u5355\u8bf4\u4e00\u4e0b\uff1a\u5047\u8bbe\u6211\u4eec\u6709&nbsp;nn&nbsp;\u4e2a\u6837\u672c&nbsp;x1,x2,x3,&hellip;,xnx1,x2,x3,&hellip;,xn, \u5b83\u4eec\u6bcf\u4e00\u4e2a\u53d8\u91cf\u90fd\u5bf9\u5e94\u4e00\u4e2a\u4f3c\u7136\u51fd\u6570:</p>\r\n\r\n<p>&nbsp;</p>\r\n\r\n<p>f(x1|&theta;),f(x2|&theta;),&hellip;,f(xn|&theta;)f(x1|&theta;),f(x2|&theta;),&hellip;,f(xn|&theta;)</p>\r\n\r\n<p>\u6211\u4eec\u73b0\u5728\u628a\u8fd9\u4e9b\u4f3c\u7136\u51fd\u6570\u4e58\u8d77\u6765:</p>\r\n\r\n<p>&nbsp;</p>\r\n\r\n<p>lik(&theta;)=&prod;i=1nf(xi|&theta;)lik(&theta;)=&prod;i=1nf(xi|&theta;)</p>\r\n\r\n<p>\u6211\u4eec\u53ea\u8981\u627e\u5230\u4ee4&nbsp;lik(&theta;)lik(&theta;)&nbsp;\u8fd9\u4e2a\u51fd\u6570\u6700\u5927\u7684&nbsp;&theta;&theta;&nbsp;\u503c\uff0c\u4fbf\u662f\u6211\u4eec\u60f3\u8981\u7684\u53c2\u6570\u503c(\u5177\u4f53\u8ba1\u7b97\u53c2\u8003[2]\u4e2dp184)\u3002</p>\r\n\r\n<h3>\u540e\u9a8c\u5206\u5e03(Posterior distribution)</h3>\r\n\r\n<p>\u73b0\u5728\u5230\u4e86\u8d1d\u53f6\u65af\u7684\u65f6\u95f4\u4e86\u3002\u4ee5\u524d\u6211\u4eec\u60f3\u77e5\u9053\u4e00\u4e2a\u53c2\u6570\uff0c\u8981\u901a\u8fc7\u5927\u91cf\u7684\u89c2\u6d4b\u503c\u624d\u80fd\u5f97\u51fa\uff0c\u800c\u4e14\u662f\u53ea\u80fd\u5f97\u51fa\u4e00\u4e2a\u53c2\u6570\u503c\u3002\u800c\u73b0\u5728\u8fd0\u7528\u4e86\u8d1d\u53f6\u65af\u7edf\u8ba1\u601d\u60f3\uff0c\u8fd9\u4e2a\u540e\u9a8c\u6982\u7387\u5206\u5e03&nbsp;&pi;(&theta;|x)&pi;(&theta;|x)\u5176\u5b9e\u662f\u4e00\u7cfb\u5217\u53c2\u6570\u503c&nbsp;&theta;&theta;&nbsp;\u7684\u6982\u7387\u5206\u5e03\uff0c\u518d\u8bf4\u7b80\u5355\u70b9\u5c31\u662f\u6211\u4eec\u5f97\u5230\u4e86\u8bb8\u591a\u4e2a\u53c2\u6570&nbsp;&theta;&theta;&nbsp;\u53ca\u5176\u5bf9\u5e94\u7684\u53ef\u80fd\u6027\uff0c\u6211\u4eec\u53ea\u9700\u8981\u4ece\u4e2d\u9009\u53d6\u6211\u4eec\u60f3\u8981\u7684\u503c\u5c31\u53ef\u4ee5\u4e86\uff1a\u6709\u65f6\u6211\u4eec\u60f3\u8981\u6982\u7387\u6700\u5927\u7684\u90a3\u4e2a\u53c2\u6570\uff0c\u90a3\u8fd9\u5c31\u662f&nbsp;<strong>\u540e\u9a8c\u4f17\u6570\u4f30\u8ba1(posterior mode estimator)</strong>\uff1b\u6709\u65f6\u6211\u4eec\u60f3\u77e5\u9053\u53c2\u6570\u5206\u5e03\u7684\u4e2d\u4f4d\u6570\uff0c\u90a3\u8fd9\u5c31\u662f&nbsp;<strong>\u540e\u9a8c\u4e2d\u4f4d\u6570\u4f30\u8ba1(posterior median estimator)</strong>;\u6709\u65f6\u6211\u4eec\u60f3\u77e5\u9053\u7684\u662f\u8fd9\u4e2a\u53c2\u6570\u5206\u5e03\u7684\u5747\u503c\uff0c\u90a3\u5c31\u662f&nbsp;<strong>\u540e\u9a8c\u671f\u671b\u4f30\u8ba1</strong>\u3002\u8fd9\u4e09\u79cd\u4f30\u8ba1\u6ca1\u6709\u8c01\u597d\u8c01\u574f\uff0c\u53ea\u662f\u63d0\u4f9b\u4e86\u4e09\u79cd\u65b9\u6cd5\u5f97\u51fa\u53c2\u6570\uff0c\u770b\u9700\u8981\u6765\u9009\u62e9\u3002\u73b0\u5728\u8fd9\u6837\u770b\u6765\u5f97\u5230\u7684\u53c2\u6570\u662f\u4e0d\u662f\u66f4\u5177\u6709\u8bf4\u670d\u529b\uff1f</p>\r\n\r\n<h3>\u7f6e\u4fe1\u533a\u95f4\u548c\u53ef\u4fe1\u533a\u95f4</h3>\r\n\r\n<p>\u5728\u8fd9\u91cc\u6211\u60f3\u63d0\u4e00\u4e0b&nbsp;<strong>\u7f6e\u4fe1\u533a\u95f4(confidence interval, CI)</strong>&nbsp;\u548c&nbsp;<strong>\u53ef\u4fe1\u533a\u95f4(credibility interval,CI)</strong>,\u6211\u89c9\u5f97\u8fd9\u662f\u521a\u5b66\u8d1d\u53f6\u65af\u65f6\u5019\u975e\u5e38\u5bb9\u6613\u5f04\u6df7\u7684\u6982\u5ff5\u3002<br />\r\n\u518d\u4e3e\u4e2a\u4f8b\u5b50\uff1a\u4e00\u4e2a\u73ed\u7ea7\u7537\u751f\u7684\u8eab\u9ad8\u53ef\u80fd\u670d\u4ece\u67d0\u79cd\u6b63\u6001\u5206\u5e03&nbsp;N(&mu;,&sigma;2)N(&mu;,&sigma;2),\u7136\u540e\u6211\u4eec\u628a\u5168\u73ed\u7537\u751f\u7684\u8eab\u9ad8\u7ed9\u8bb0\u5f55\u4e0b\u6765\uff0c\u7528\u9ad8\u4e2d\u5c31\u5b66\u8fc7\u7684\u6c42\u5747\u503c\u548c\u65b9\u5dee\u7684\u516c\u5f0f\u5c31\u53ef\u4ee5\u7b97\u51fa\u6765\u8fd9\u4e24\u4e2a\u53c2\u6570\uff0c\u8981\u77e5\u9053\u6211\u4eec\u771f\u6b63\u60f3\u77e5\u9053\u7684\u662f\u8fd9\u4e2a\u53c2\u6570&nbsp;&mu;,&sigma;2&mu;,&sigma;2\uff0c\u5f53\u7136\u6837\u672c\u8d8a\u591a\uff0c\u5f97\u51fa\u7684\u7ed3\u679c\u5c31\u63a5\u8fd1\u771f\u5b9e\u503c(\u5176\u5b9e\u5e76\u6ca1\u6709\u4eba\u77e5\u9053\u4ec0\u4e48\u662f\u771f\u5b9e\u503c\uff0c\u53ef\u80fd\u53ea\u6709\u4e0a\u5e1d\u77e5\u9053)\u3002\u7b49\u6211\u4eec\u7b97\u51fa\u4e86\u5747\u503c\u548c\u65b9\u5dee\uff0c\u6211\u4eec\u8fd9\u65f6\u5019\u4e00\u822c\u4f1a\u6784\u5efa\u4e00\u4e2a95%\u6216\u800590%\u7684\u7f6e\u4fe1\u533a\u95f4\uff0c\u8fd9\u4e2a\u7f6e\u4fe1\u533a\u95f4\u662f\u5bf9\u4e8e&nbsp;<strong>\u6837\u672c&nbsp;xx</strong>&nbsp;\u6765\u8bf4\u7684\uff0c\u6211\u53ea\u7b97\u51fa\u4e86\u4e00\u4e2a&nbsp;&mu;&mu;&nbsp;\u548c \u4e00\u4e2a&sigma;&sigma;&nbsp;\u53c2\u6570\u503c\u7684\u60c5\u51b5\u4e0b\uff0c95%\u7684\u7f6e\u4fe1\u533a\u95f4\u610f\u5473\u7740\u5728\u8fd9\u4e2a\u533a\u95f4\u91cc\u7684\u6837\u672c\u662f\u53ef\u4ee5\u76f8\u4fe1\u662f\u670d\u4ece\u4ee5&nbsp;&mu;,&sigma;&mu;,&sigma;&nbsp;\u4e3a\u53c2\u6570\u7684\u6b63\u6001\u5206\u5e03\u7684\uff0c\u4e00\u5b9a\u8981\u8bb0\u4f4f\u7f6e\u4fe1\u533a\u95f4\u7684\u6982\u5ff5\u4e2d\u662f\u6307&nbsp;<strong>\u4e00\u4e2a\u53c2\u6570\u503c</strong>&nbsp;\u7684\u60c5\u51b5\u4e0b\uff01<br />\r\n\u800c\u6211\u4eec\u4e5f\u4f1a\u5bf9\u6211\u4eec\u5f97\u5230\u7684\u540e\u9a8c\u6982\u7387\u5206\u5e03\u6784\u9020\u4e00\u4e2a90%\u621695%\u7684\u533a\u95f4\uff0c\u79f0\u4e4b\u4e3a\u53ef\u4fe1\u533a\u95f4\u3002\u8fd9\u4e2a\u53ef\u4fe1\u533a\u95f4\u662f\u5bf9\u4e8e&nbsp;<strong>\u53c2\u6570&nbsp;&theta;&theta;</strong>&nbsp;\u6765\u8bf4\u7684\uff0c\u6211\u4eec\u7684\u5230\u4e86&nbsp;<strong>\u5f88\u591a\u7684\u53c2\u6570\u503c</strong>\uff0c\u53d6\u5176\u4e2d\u6982\u7387\u66f4\u5927\u4e00\u4e9b\u768490%\u621695%\uff0c\u4fbf\u6210\u4e86\u53ef\u4fe1\u533a\u95f4\u3002</p>\r\n\r\n<h3>\u5148\u9a8c\u5206\u5e03(Prior distribution)</h3>\r\n\r\n<p>\u8bf4\u5b8c\u4e86\u540e\u9a8c\u5206\u5e03\uff0c\u73b0\u5728\u5c31\u6765\u8bf4\u8bf4\u5148\u9a8c\u5206\u5e03\u3002\u5148\u9a8c\u5206\u5e03\u5c31\u662f\u4f60\u5728\u53d6\u5f97\u5b9e\u9a8c\u89c2\u6d4b\u503c\u4ee5\u524d\u5bf9\u4e00\u4e2a\u53c2\u6570\u6982\u7387\u5206\u5e03\u7684&nbsp;<strong>\u4e3b\u89c2\u5224\u65ad</strong>\uff0c\u8fd9\u4e5f\u5c31\u662f\u4e3a\u4ec0\u4e48\u8d1d\u53f6\u65af\u7edf\u8ba1\u5b66\u4e00\u76f4\u4e0d\u88ab\u8ba4\u53ef\u7684\u539f\u56e0\uff0c\u7edf\u8ba1\u5b66\u6216\u8005\u6570\u5b66\u90fd\u662f\u5ba2\u89c2\u7684\uff0c\u600e\u4e48\u80fd\u52a0\u5165\u4e3b\u89c2\u56e0\u7d20\u5462\uff1f\u4f46\u4e8b\u5b9e\u8bc1\u660e\u8fd9\u6837\u7684\u6548\u679c\u4f1a\u975e\u5e38\u597d\uff01<br />\r\n\u518d\u62ff\u63b7\u786c\u5e01\u7684\u4f8b\u5b50\u6765\u770b(\u600e\u4e48\u8001\u662f\u62ff\u8fd9\u4e2a\u4e3e\u4f8b\uff0c\u662f\u6709\u591a\u7231\u94b1\u3002\u3002\u3002)\uff0c\u5728\u6254\u4e4b\u524d\u4f60\u4f1a\u6709\u5224\u65ad\u6b63\u9762\u7684\u6982\u7387\u662f50%\uff0c\u8fd9\u5c31\u662f\u6240\u8c13\u7684\u5148\u9a8c\u6982\u7387\uff0c\u4f46\u5982\u679c\u662f\u5728\u6253\u8d4c\uff0c\u4e3a\u4e86\u8ba9\u81ea\u5df1\u7684\u63cf\u8ff0\u51c6\u786e\u70b9\uff0c\u6211\u4eec\u53ef\u80fd\u4f1a\u8bf4\u6b63\u9762\u7684\u6982\u7387\u4e3a0.5\u7684\u53ef\u80fd\u6027\u6700\u5927\uff0c0.45\u7684\u51e0\u7387\u5c0f\u70b9\uff0c0.4\u7684\u51e0\u7387\u518d\u5c0f\u70b9\uff0c0.1\u7684\u51e0\u7387\u51e0\u4e4e\u6ca1\u6709\u7b49\u7b49\uff0c\u8fd9\u5c31\u5f62\u6210\u4e86\u4e00\u4e2a\u5148\u9a8c\u6982\u7387\u5206\u5e03\u3002<br />\r\n\u90a3\u4e48\u73b0\u5728\u53c8\u6709\u65b0\u7684\u95ee\u9898\u4e86\uff0c\u5982\u679c\u6211\u544a\u8bc9\u4f60\u8fd9\u4e2a\u786c\u5e01\u7684\u6750\u8d28\u662f\u4e0d\u5747\u5300\u7684\uff0c\u90a3\u6b63\u9762\u7684\u53ef\u80fd\u6027\u662f\u591a\u5c11\u5462\uff1f\u8fd9\u5c31\u8ba9\u4eba\u72af\u7cca\u6d82\u4e86\uff0c\u6211\u4eec\u60f3\u6709\u4e3b\u89c2\u5224\u65ad\u4e5f\u65e0\u4ece\u4e0b\u624b\uff0c\u4e8e\u662f\u6211\u4eec\u5c31\u60f3\u8bf4\u90a3\u5c31\u5148\u8ba4\u4e3a&nbsp;0&nbsp;10&nbsp;1&nbsp;\u4e4b\u95f4\u6bcf\u4e00\u79cd\u7684\u53ef\u80fd\u6027\u90fd\u662f\u76f8\u540c\u7684\u5427\uff0c\u4e5f\u5c31\u662f\u8bbe\u7f6e\u62100~1\u4e4b\u95f4\u7684\u5747\u5300\u5206\u5e03&nbsp;Uni(0,1)Uni(0,1)&nbsp;\u4f5c\u4e3a\u5148\u9a8c\u5206\u5e03\u5427\uff0c\u8fd9\u5c31\u662f\u8d1d\u53f6\u65af\u7edf\u8ba1\u5b66\u5f53\u4e2d\u7684&nbsp;<strong>\u65e0\u4fe1\u606f\u5148\u9a8c(noninformative prior)</strong>\uff01\u90a3\u4e48\u4e0b\u9762\u6211\u4eec\u5c31\u901a\u8fc7\u4e0d\u65ad\u63b7\u786c\u5e01\u6765\u770b\u770b\uff0c\u8fd9\u4e2a\u6982\u7387\u5230\u662f\u591a\u5c11\uff0c\u8d1d\u53f6\u65af\u8fc7\u7a0b\u5982\u4e0b\uff1a</p>\r\n\r\n<p><a href=\"https://raw.githubusercontent.com/xuyankun/images-for-github.io/master/bayes/pri1.jpg\" rel=\"group\"><img alt=\"pri1\" src=\"https://raw.githubusercontent.com/xuyankun/images-for-github.io/master/bayes/pri1.jpg\" /></a></p>\r\n\r\n<p><a href=\"https://raw.githubusercontent.com/xuyankun/images-for-github.io/master/bayes/pri2.jpg\" rel=\"group\"><img alt=\"pri2\" src=\"https://raw.githubusercontent.com/xuyankun/images-for-github.io/master/bayes/pri2.jpg\" /></a></p>\r\n\r\n<p>\u4ece\u56fe\u4e2d\u6211\u4eec\u53ef\u4ee5\u770b\u51fa\uff0c0\u6b21\u8bd5\u9a8c\u7684\u65f6\u5019\u5c31\u662f\u6211\u4eec\u7684\u5148\u9a8c\u5047\u8bbe&mdash;&mdash;\u5747\u5300\u5206\u5e03\uff0c\u7136\u540e\u63b7\u4e86\u7b2c\u4e00\u6b21\u662f\u6b63\u9762\uff0c\u4e8e\u662f\u6982\u7387\u5206\u5e03\u503e\u5411\u4e8e1\uff0c\u7b2c\u4e8c\u6b21\u53c8\u662f\u6b63\uff0c\u6982\u7387\u662f1\u7684\u53ef\u80fd\u6027\u66f4\u5927\u4e86\uff0c\u4f46&nbsp;<strong>\u6ce8\u610f\uff1a\u8fd9\u65f6\u5019\u57280.5\u7684\u6982\u7387\u8fd8\u662f\u6709\u7684\uff0c\u53ea\u4e0d\u8fc7\u6982\u7387\u5f88\u5c0f\uff0c\u57280.2\u7684\u6982\u7387\u53d8\u5f97\u66f4\u5c0f</strong>\u3002\u7b2c\u4e09\u6b21\u662f\u53cd\u9762\uff0c\u4e8e\u662f\u6982\u7387\u5206\u5e03\u88ab\u4fee\u6b63\u4e86\u4e00\u4e0b\uff0c\u4ece\u4e3a1\u7684\u6982\u7387\u6700\u5927\u53d8\u6210\u4e862/3\u5de6\u53f3\u6700\u5927(3\u6b21\u8bd5\u9a8c\uff0c2\u6b21\u6b631\u6b21\u53cd\u5f53\u7136\u6982\u7387\u662f2/3\u7684\u6982\u7387\u6700\u5927)\u3002\u518d\u4e0b\u9762\u5c31\u662f\u8fdb\u884c\u66f4\u591a\u6b21\u7684\u8bd5\u9a8c\uff0c\u540e\u9a8c\u6982\u7387\u4e0d\u65ad\u6839\u636e\u89c2\u6d4b\u503c\u5728\u6539\u53d8\uff0c\u5f53\u6b21\u6570\u5f88\u5927\u7684\u65f6\u5019\uff0c\u7ed3\u679c\u8d8b\u5411\u4e8e0.5(\u54c8\u54c8\uff0c\u7ed3\u679c\u8fd9\u8fd8\u662f\u4e00\u679a\u666e\u901a\u7684\u786c\u5e01\uff0c\u4e0d\u8fc7\u8fd9\u4e2a\u4e8b\u4ef6\u544a\u8bc9\u6211\u4eec\uff0c\u76f4\u89c9\u662f\u4e0d\u53ef\u9760\u7684\uff0c\u4e00\u5b9a\u4eb2\u81ea\u5b9e\u9a8c\u624d\u884c~)\u3002\u6709\u7684\u4eba\u4f1a\u8bf4\uff0c\u8fd9\u8fd8\u4e0d\u662f\u5728\u5927\u91cf\u6570\u636e\u4e0b\u5f97\u5230\u4e86\u6b63\u9762\u6982\u7387\u4e3a0.5\u561b\uff0c\u6709\u4ec0\u4e48\u597d\u7a00\u5947\u7684\uff1f&nbsp;<strong>\u6ce8\u610f\u4e86\uff01\u753b\u91cd\u70b9\u4e86\uff01(\u6572\u9ed1\u677f)</strong>\u8bb0\u4f4f\uff0c\u4e0d\u8981\u548c\u4e00\u4e2a\u7edf\u8ba1\u5b66\u5bb6\u6216\u8005\u6570\u5b66\u5bb6\u6253\u8d4c\uff01\u8dd1\u9898\u4e86\uff0c\u8dd1\u9898\u4e86\u3002\u3002\u3002\u8bf4\u56de\u6765\uff0c\u6211\u4eec\u4e0a\u9762\u5c31\u8bf4\u5230\u4e86\u53e4\u5178\u6982\u7387\u5b66\u7684\u5f0a\u7aef\u5c31\u662f\u5982\u679c\u63b7\u4e862\u6b21\u90fd\u662f\u6b63\u9762\uff0c\u90a3\u6211\u4eec\u5c31\u4f1a\u8ba4\u4e3a\u6b63\u9762\u7684\u6982\u7387\u662f1\uff0c\u800c\u5728\u8d1d\u53f6\u65af\u7edf\u8ba1\u5b66\u4e2d\uff0c\u5982\u679c\u6211\u4eec\u63b7\u4e862\u6b21\u90fd\u662f\u6b63\u9762\uff0c\u53ea\u80fd\u8bf4\u660e\u6b63\u9762\u662f1\u7684\u53ef\u80fd\u6027\u6700\u5927\uff0c\u4f46\u8fd8\u662f\u6709\u53ef\u80fd\u4e3a0.5, 0.6, 0.7\u7b49\u7b49\u7684\uff0c\u8fd9\u5c31\u662f\u5bf9\u53e4\u5178\u7edf\u8ba1\u5b66\u7684\u4e00\u79cd\u5b8c\u5584\u548c\u8865\u5145\uff0c\u4e8e\u662f\u6211\u4eec\u4e5f\u5c31\u662f\u89e3\u91ca\u4e86\uff0c\u6211\u4eec\u6240\u8c13\u7684&nbsp;<strong>\u5730\u9707\u7684\u6982\u7387\u4e3a5%\uff1b\u751f\u75c5\u7684\u6982\u7387\u4e3a10%\u7b49\u7b49\u8fd9\u4e9b\u6982\u7387\u7684\u610f\u4e49\u4e86</strong>\uff0c\u8fd9\u5c31\u662f\u8d1d\u53f6\u65af\u7edf\u8ba1\u5b66\u7684\u54f2\u5b66\u601d\u60f3\u3002</p>\r\n\r\n<h2>\u5171\u8f6d\u5148\u9a8c(Conjugate prior)</h2>\r\n\r\n<p>\u5171\u8f6d\u5148\u9a8c\u5e94\u8be5\u662f\u6bcf\u4e00\u4e2a\u8d1d\u53f6\u65af\u7edf\u8ba1\u521d\u5b66\u8005\u6700\u5934\u75bc\u7684\u95ee\u9898\uff0c\u6211\u89c9\u5f97\u6ca1\u6709&ldquo;\u4e4b\u4e00&rdquo;\u3002\u8fd9\u662f\u4e00\u4e2a\u975e\u5e38\u5927\u7684\u7406\u8bba\u4f53\u7cfb\uff0c\u6211\u8bd5\u7740\u7528\u4e00\u4e9b\u7b80\u5355\u7684\u8bed\u8a00\u8fdb\u884c\u63cf\u8ff0\uff0c\u5173\u952e\u662f\u53bb\u7406\u89e3\u5176\u601d\u60f3\u3002<br />\r\n\u7ee7\u7eed\u62ff\u63b7\u786c\u5e01\u7684\u4f8b\u5b50\uff0c\u8fd9\u662f\u4e00\u4e2a\u4e8c\u9879\u8bd5\u9a8c&nbsp;Bin(n,p)Bin(n,p)\uff0c\u6240\u4ee5\u5176\u4f3c\u7136\u51fd\u6570\u4e3a:</p>\r\n\r\n<p>&nbsp;</p>\r\n\r\n<p>f(x|&theta;)=(nx)&theta;x(1&minus;&theta;)xf(x|&theta;)=(nx)&theta;x(1&minus;&theta;)x</p>\r\n\r\n<p>\u5728\u6211\u4eec\u4e0d\u77e5\u9053\u60c5\u51b5\u65f6\u5c31\u5148\u5047\u8bbe\u5176\u5148\u9a8c\u5206\u5e03\u4e3a\u5747\u5300\u5206\u5e03&nbsp;Uni(0,1)Uni(0,1)\uff0c\u5373\uff1a</p>\r\n\r\n<p>&nbsp;</p>\r\n\r\n<p>&pi;(&theta;)=1,&theta;&isin;(0,1)&pi;(&theta;)=1,&theta;&isin;(0,1)</p>\r\n\r\n<p>\u90a3\u73b0\u5728\u6839\u636e\u8d1d\u53f6\u65af\u516c\u5f0f\u6c42\u540e\u9a8c\u6982\u7387\u5206\u5e03\uff1a</p>\r\n\r\n<p>&nbsp;</p>\r\n\r\n<p>&pi;(&theta;|x)=&theta;x(1&minus;&theta;)n&minus;x&int;10&theta;x(1&minus;&theta;)n&minus;xd&theta;&pi;(&theta;|x)=&theta;x(1&minus;&theta;)n&minus;x&int;01&theta;x(1&minus;&theta;)n&minus;xd&theta;</p>\r\n\r\n<p>\u6211\u4eec\u5f97\u5230\u7ed3\u679c\u4e3a:</p>\r\n\r\n<p>&nbsp;</p>\r\n\r\n<p>&pi;(&theta;|x)=&Gamma;(n+2)&Gamma;(x+1)&Gamma;(n&minus;x+1)&theta;(x+1)&minus;1(1&minus;&theta;)(n&minus;x+1)&minus;1&pi;(&theta;|x)=&Gamma;(n+2)&Gamma;(x+1)&Gamma;(n&minus;x+1)&theta;(x+1)&minus;1(1&minus;&theta;)(n&minus;x+1)&minus;1</p>\r\n\r\n<p>\u8fd9\u4e48\u4e00\u5927\u4e32\u662f\u4ec0\u4e48\u5462\uff1f\u5176\u5b9e\u5c31\u662f\u5927\u540d\u9f0e\u9f0e\u7684\u8d1d\u5854\u5206\u5e03(Beta distribution)\u3002 \u7b80\u5199\u5c31\u662f&nbsp;Be(x+1,n&minus;x+1)Be(x+1,n&minus;x+1)\u3002 \u6bd4\u5982\u6211\u63b7\u4e8610\u6b21(n=10)\uff0c5\u6b21\u6b63(x=5),5\u6b21\u53cd\uff0c\u90a3\u4e48\u7ed3\u679c\u5c31\u662f&nbsp;Be(6,6)Be(6,6), \u8fd9\u4e2a\u5206\u5e03\u7684\u5747\u503c\u5c31\u662f0.5(&nbsp;66+666+6&nbsp;)\uff0c\u5f88\u7b26\u5408\u6211\u4eec\u60f3\u8981\u7684\u7ed3\u679c\u3002</p>\r\n\r\n<p>\u73b0\u5728\u53ef\u4ee5\u8bf4\u660e\uff0c\u6211\u4eec\u628a\u4e3b\u89c2\u63e3\u6d4b\u7684\u5148\u9a8c\u6982\u7387\u5b9a\u4e3a\u5747\u5300\u5206\u5e03\u662f\u5408\u7406\u7684\uff0c\u56e0\u4e3a\u6211\u4eec\u5728\u5bf9\u4e00\u4ef6\u4e8b\u7269\u6ca1\u6709\u4e86\u89e3\u7684\u65f6\u5019\uff0c\u5148\u8ba4\u4e3a\u6bcf\u79cd\u53ef\u80fd\u6027\u90fd\u4e00\u6837\u662f\u975e\u5e38\u8bf4\u5f97\u901a\u7684\u3002\u6709\u4eba\u4f1a\u8ba4\u4e3a\uff0c\u65e2\u7136\u65e0\u4fe1\u606f\u5148\u9a8c\u662f\u8bf4\u5f97\u901a\u7684\uff0c\u800c\u4e14\u8d1d\u53f6\u65af\u516c\u5f0f\u4f1a\u6839\u636e\u6211\u4eec\u7684\u89c2\u6d4b\u503c\u4e0d\u65ad\u66f4\u65b0\u540e\u9a8c\u6982\u7387\uff0c\u90a3\u662f\u4e0d\u662f\u6211\u4eec\u968f\u4fbf\u7ed9\u4e00\u4e2a\u5148\u9a8c\u6982\u7387\u90fd\u53ef\u4ee5\u5462\uff1f\u5f53\u7136&hellip;&hellip;\u4e0d\u884c\uff01\uff01\u8fd9\u4e2a\u5148\u9a8c\u6982\u7387\u662f\u4e0d\u80fd\u778e\u731c\u7684\uff0c\u662f\u9700\u8981\u6839\u636e\u4e00\u4e9b\u524d\u4eba\u7684\u7ecf\u9a8c\u548c\u5e38\u8bc6\u6765\u5224\u65ad\u7684\u3002\u6bd4\u5982\u6211\u968f\u4fbf\u731c\u5148\u9a8c\u4e3a\u4e00\u4e2a\u5206\u6bb5\u51fd\u6570\uff1a</p>\r\n\r\n<p>&nbsp;</p>\r\n\r\n<p>&pi;(&theta;)={10&nbsp;if&nbsp;&theta;&isin;(0,0.2),(0.3,0.5),(0.7,1)&nbsp;if&nbsp;&theta;&isin;(0.2,0.3),(0.5,0.7)&pi;(&theta;)={1&nbsp;if&nbsp;&theta;&isin;(0,0.2),(0.3,0.5),(0.7,1)0&nbsp;if&nbsp;&theta;&isin;(0.2,0.3),(0.5,0.7)</p>\r\n\r\n<p>\u9760\uff0c\u662f\u4e0d\u662f\u5f88\u53d8\u6001\u7684\u4e00\u4e2a\u51fd\u6570&hellip;\u5c31\u662f\u5047\u8bbe\u4e00\u4e2a\u6781\u7aef\u7684\u60c5\u51b5\uff0c\u5982\u679c\u4f60\u628a\u8fd9\u4e2a\u60c5\u51b5\u4ee3\u5165\u8d1d\u53f6\u65af\u516c\u5f0f\uff0c\u7ed3\u679c\u662f\u4e0d\u4f1a\u597d\u7684(\u5f53\u7136\u6211\u4e5f\u4e0d\u77e5\u9053\u8be5\u600e\u4e48\u8ba1\u7b97)\u3002<br />\r\n\u8fd9\u4e2a\u4f8b\u5b50\u4e2d\uff0c\u6211\u770b\u5230\u4e86\u53ef\u80fd\u7684\u540e\u9a8c\u5206\u5e03\u662f&nbsp;BetaBeta&nbsp;\u5206\u5e03\uff0c\u770b\u8d77\u6765\u611f\u89c9\u6709\u70b9\u50cf\u6b63\u6001\u5206\u5e03\u554a\uff0c\u90a3\u6211\u4eec\u7528\u6b63\u6001\u5206\u5e03\u4f5c\u4e3a\u5148\u9a8c\u5206\u5e03\u53ef\u4ee5\u5417\uff1f\u8fd9\u4e2a\u662f\u53ef\u4ee5\u7684(\u6240\u4ee5\u8981\u5b66\u4f1a\u89c2\u5bdf)\u3002\u53ef\u5982\u679c\u6211\u4eec\u628a\u5148\u9a8c\u5206\u5e03\u4e3a\u6b63\u6001\u5206\u5e03\u4ee3\u5165\u5230\u8d1d\u53f6\u65af\u516c\u5f0f\uff0c\u90a3\u8ba1\u7b97\u4f1a\u975e\u5e38\u975e\u5e38\u9ebb\u70e6\uff0c\u867d\u7136\u7ed3\u679c\u53ef\u80fd\u662f\u5408\u7406\u7684\u3002\u90a3\u600e\u4e48\u529e\uff1f\u4e0d\u7528\u62c5\u5fc3\uff0c\u56e0\u4e3a\u6211\u4eec\u6709\u5171\u8f6d\u5148\u9a8c\u5206\u5e03\uff01<br />\r\n\u7ee7\u7eed\u62ff\u4e0a\u9762\u8fd9\u4e2a\u4f8b\u5b50\uff0c\u5982\u679c\u6211\u4eec\u628a\u5148\u9a8c\u5206\u5e03&nbsp;&pi;(&theta;)&pi;(&theta;)&nbsp;\u8bbe\u4e3a\u8d1d\u5854\u5206\u5e03&nbsp;Beta(a,b)Beta(a,b)\uff0c\u7ed3\u679c\u662f\u4ec0\u4e48\u5462\uff1f\u6211\u5c31\u4e0d\u5199\u5177\u4f53\u7684\u8ba1\u7b97\u8fc7\u7a0b\u5566\uff0c\u76f4\u63a5\u7ed9\u7ed3\u679c\uff1a</p>\r\n\r\n<p>&nbsp;</p>\r\n\r\n<p>&pi;(&theta;|x)=Beta(x+a,n&minus;x+b)&pi;(&theta;|x)=Beta(x+a,n&minus;x+b)</p>\r\n\r\n<p>\u6709\u6ca1\u6709\u770b\u5230\uff0c\u4f9d\u7136\u662f\u8d1d\u5854\u5206\u5e03\uff0c\u7ed3\u679c\u53ea\u662f\u628a\u4e4b\u524d\u7684&nbsp;11&nbsp;\u6362\u6210\u4e86&nbsp;aa&nbsp;\u548c&nbsp;bb(\u806a\u660e\u7684\u4f60\u53ef\u80fd\u5df2\u7ecf\u53d1\u73b0\uff0c\u5176\u5b9e\u6211\u4eec\u6240\u8bf4\u7684\u5747\u5300\u5206\u5e03&nbsp;Uni(0,1)Uni(0,1)&nbsp;\u7b49\u4ef7\u4e8e&nbsp;Beta(1,1)Beta(1,1),\u4e24\u8005\u662f\u4e00\u6837\u7684)\u3002<br />\r\n\u7531\u6b64\u6211\u4eec\u4fbf\u53ef\u4ee5\u79f0&nbsp;<strong>\u4e8c\u9879\u5206\u5e03\u7684\u5171\u8f6d\u5148\u9a8c\u5206\u5e03\u4e3a\u8d1d\u5854\u5206\u5e03</strong>\uff01<strong>\u6ce8\u610f\uff01\u63a5\u7740\u753b\u91cd\u70b9\uff01\uff1a\u5171\u8f6d\u5148\u9a8c\u8fd9\u4e2a\u6982\u5ff5\u5fc5\u987b\u662f\u57fa\u4e8e\u4f3c\u7136\u51fd\u6570\u6765\u8ba8\u8bba\u7684\uff0c\u5426\u5219\u6ca1\u6709\u610f\u4e49\uff01</strong>&nbsp;\u597d\uff0c\u90a3\u73b0\u5728\u6709\u4e86\u5171\u8f6d\u5148\u9a8c\uff0c\u7136\u540e\u5462\uff1f\u4f5c\u7528\u5462\uff1f\u8fd9\u5e94\u8be5\u662f\u5f88\u591a\u521d\u5b66\u8005\u7684\u7591\u95ee\u3002<br />\r\n\u73b0\u5728\u6211\u4eec\u6765\u770b\uff0c\u5982\u679c\u4f60\u77e5\u9053\u4e86\u4e00\u4e2a\u89c2\u6d4b\u6837\u672c\u7684\u4f3c\u7136\u51fd\u6570\u662f\u4e8c\u9879\u5206\u5e03\u7684\uff0c\u90a3\u6211\u4eec\u628a\u5148\u9a8c\u5206\u5e03\u76f4\u63a5\u8bbe\u4e3a&nbsp;Beta(a,b)Beta(a,b)&nbsp;\uff0c\u4e8e\u662f\u6211\u4eec\u5c31&nbsp;<strong>\u4e0d\u7528\u8ba1\u7b97\u590d\u6742\u7684\u542b\u6709\u79ef\u5206\u7684\u8d1d\u53f6\u65af\u516c\u5f0f</strong>&nbsp;\u4fbf\u53ef\u5f97\u5230\u540e\u9a8c\u5206\u5e03&nbsp;Beta(x+a,n&minus;x+b)Beta(x+a,n&minus;x+b)&nbsp;\u4e86\uff01\uff01\uff01\u53ea\u9700\u8981\u8bb0\u4f4f\u8bd5\u9a8c\u6b21\u6570n\uff0c\u548c\u8bd5\u9a8c\u6210\u529f\u4e8b\u4ef6\u6b21\u6570x\u5c31\u53ef\u4ee5\u4e86\uff01\u4e92\u4e3a\u5171\u8f6d\u7684\u5206\u5e03\u8fd8\u6709\u4e00\u4e9b\uff0c\u4f46\u90fd\u5f88\u590d\u6742\uff0c\u7528\u5230\u7684\u60c5\u51b5\u4e5f\u5f88\u5c11\uff0c\u63a8\u5bfc\u8fc7\u7a0b\u4e5f\u6781\u5176\u590d\u6742\uff0c\u6709\u5174\u8da3\u7684\u53ef\u4ee5\u81ea\u884c\u641c\u7d22\u3002\u6211\u8bf4\u7684\u8fd9\u4e2a\u60c5\u51b5\u662f\u6700\u5e38\u89c1\u7684\uff01</p>\r\n\r\n<blockquote>\r\n<p>\u6ce8\u610f\u4e00\u4e0b\uff0c\u5f88\u591a\u8d44\u6599\u91cc\u4f1a\u63d0\u5230\u4e00\u4e2a\u6982\u5ff5\u53eb\u4f2a\u8ba1\u6570(pseudo count),\u8fd9\u91cc\u7684\u4f2a\u8ba1\u6570\u503c\u5f97\u5c31\u662fa,b\u5bf9\u540e\u9a8c\u6982\u7387\u5206\u5e03\u7684\u5f71\u54cd\uff0c\u6211\u4eec\u4f1a\u53d1\u73b0\u5982\u679c\u6211\u4eec\u53d6&nbsp;Beta(1,1)Beta(1,1)&nbsp;\uff0c\u8fd9\u4e2a\u5148\u9a8c\u6982\u7387\u5bf9\u7ed3\u679c\u7684\u5f71\u54cd\u4f1a\u5f88\u5c0f\uff0c\u53ef\u5982\u679c\u6211\u4eec\u8bbe\u4e3a&nbsp;Beta(100,100)Beta(100,100)\uff0c\u90a3\u4e48\u6211\u4eec\u505a10\u6b21\u8bd5\u9a8c\u5c31\u7b97\u662f\u5168\u662f\u6b63\u9762\u7684\uff0c\u540e\u9a8c\u5206\u5e03\u90fd\u6ca1\u4ec0\u4e48\u53d8\u5316\u3002</p>\r\n</blockquote>\r\n\r\n<h2>\u6734\u7d20\u8d1d\u53f6\u65af\u5206\u7c7b\u5668(Naive Bayes classifier)\u548cscikit-learn\u7684\u7b80\u5355\u4f7f\u7528</h2>\r\n\r\n<p>\u5728\u673a\u5668\u5b66\u4e60\u4e2d\u4f60\u5e94\u8be5\u4f1a\u770b\u5230\u6709\u4e00\u4e2a\u7ae0\u8282\u662f\u8bb2\u6734\u7d20\u8d1d\u53f6\u65af\u5206\u7c7b\u5668\u7684(\u628anaive\u7ffb\u8bd1\u6210\u6734\u7d20\u6211\u4e5f\u662f\u670d\u4e86\u554a\uff0c\u4ee5\u540e\u6211\u4eec\u53ef\u4ee5&ldquo;\u5938&rdquo;\u67d0\u67d0\u4eba\u597d\u6734\u7d20\u554a)\u3002\u5177\u4f53\u7684\u6570\u5b66\u539f\u7406\u5728\u5468\u5fd7\u534e\u8001\u5e08\u7684\u897f\u74dc\u4e66\u300a\u673a\u5668\u5b66\u4e60\u300b\u7684\u7b2c7\u7ae0\u6709\u8be6\u7ec6\u89e3\u91ca\uff0c\u5176\u5b9e\u5c31\u662f\u5229\u7528\u4e86\u57fa\u672c\u7684\u8d1d\u53f6\u65af\u7406\u8bba\uff0c\u8ddf\u4e0a\u9762\u8bf4\u7684\u5dee\u4e0d\u591a\uff0c\u53ea\u4e0d\u8fc7\u66f4\u52a0\u8bf4\u660e\u7684\u600e\u6837\u53bb\u5b9e\u8df5\u5230\u673a\u5668\u5b66\u4e60\u4e2d\u3002\u4e0b\u9762\u5c31\u76f4\u63a5\u7b80\u5355\u8bf4\u4e00\u4e0b<code>Python</code>\u4e2d\u6709\u4e2a\u673a\u5668\u5b66\u4e60\u5e93<code>scikit-learn</code>\u4e2d\u6734\u7d20\u8d1d\u53f6\u65af\u5206\u7c7b\u5668\u7684\u7b80\u5355\u5b9e\u7528\u3002\u4f8b\u5b50\u53c2\u8003\u7684\u662fscikit-learn\u5b98\u7f51\u7684<a href=\"http://scikit-learn.org/stable/modules/generated/sklearn.naive_bayes.GaussianNB.html\" rel=\"external\" target=\"_blank\">GaussianNB\u9875\u9762</a>\u3002<br />\r\n\u76f4\u63a5\u770b\u4ee3\u7801\uff1a</p>\r\n\r\n<pre>\r\n<code>import numpy as np\r\nX = np.array([[-1, -1], [-2, -1], [-3, -2], [1, 1], [2, 1], [3, 2]])\r\nY = np.array([1, 1, 1, 2, 2, 2])\r\nfrom sklearn.naive_bayes import GaussianNB #\u5bfc\u5165GaussianNB\r\nclf = GaussianNB() #\u8bbe\u7f6eclf\u4e3a\u9ad8\u65af\u6734\u7d20\u8d1d\u53f6\u65af\u5206\u7c7b\u5668\r\nclf.fit(X, Y) #\u8bad\u7ec3\u6570\u636e\r\nprint(clf.predict([[-1, 0]])) #\u9884\u6d4b\u6570\u636e[-1,0]\u5c5e\u4e8e\u54ea\u4e00\u7c7b\r\n</code></pre>\r\n\r\n<p>\u8f93\u51fa\u7ed3\u679c\u4e3a:&nbsp;<code>[1]</code>\u3002 \u8fd9\u91cc\u9762\u6211\u4eec\u53ef\u4ee5\u770b\u5230\u6709<code>X,Y</code>\u4e24\u4e2a\u53d8\u91cf\uff0cX\u662f\u6211\u4eec\u8981\u8bad\u7ec3\u7684\u6570\u636e\u7279\u5f81\uff0c\u800cY\u7ed9\u7684\u662f\u5bf9\u5e94\u6570\u636e\u7684\u6807\u7b7e\uff0c\u5206\u6210<code>[1],[2]</code>\u4e24\u7c7b\u3002\u7528<code>clf.fit</code>\u8bad\u7ec3\u597d\u4e86\u4e4b\u540e\uff0c\u7528<code>clf.predict</code>\u9884\u6d4b\u65b0\u6570\u636e<code>[-1,0]</code>\uff0c\u7ed3\u679c\u662f\u88ab\u5206\u4e3a\u7b2c\u4e00\u7c7b\uff0c\u8bf4\u660e\u7ed3\u679c\u662f\u4ee4\u4eba\u6ee1\u610f\u7684\u3002</p>\r\n\r\n<h1>MCMC(Markov chain Monte Carlo)</h1>\r\n\r\n<p>\u4f60\u4ee5\u4e3a\u8bf4\u5230\u8fd9\u8d1d\u53f6\u65af\u7684\u4e8b\u60c5\u5c31\u7ed3\u675f\u4e86\uff1f\u90a3\u4f60\u771f\u7684\u5c31\u662f\u592anaive\u4e86\u3002\u8d1d\u53f6\u65af\u516c\u5f0f\u91cc\u7684&nbsp;&theta;&theta;&nbsp;\u53ea\u662f\u4e00\u4e2a\u53c2\u6570\uff0c\u6709\u6ca1\u6709\u60f3\u8fc7\u6709\u4e24\u4e2a\u53c2\u6570\u600e\u4e48\u529e\uff1f\u8fd8\u80fd\u600e\u4e48\u529e\uff0c\u5206\u5e03\u7684\u79ef\u5206\u6539\u6210\u53cc\u91cd\u79ef\u5206\u5457\u3002\u53ef\u4ee5\u53ef\u4ee5\uff0c\u90a3\u5982\u679c\u67093\u4e2a\u30015\u4e2a\u300110\u4e2a\u53c2\u6570\u5462\uff1f\u8fd8\u6709\u5341\u91cd\u79ef\u5206\u561b\uff1f\u5f88\u663e\u7136\u79ef\u5206\u8fd9\u4e2a\u5de5\u5177\u53ea\u9002\u5408\u6211\u4eec\u5728\u4e00\u7ef4\u548c\u4e8c\u7ef4\u7684\u60c5\u51b5\u4e0b\u8fdb\u884c\u8ba1\u7b97\uff0c\u4e09\u7ef4\u4ee5\u4e0a\u7684\u6548\u679c\u5c31\u5df2\u7ecf\u4e0d\u597d\u4e86\uff1b\u5176\u5b9e\u4e0d\u4ec5\u4ec5\u5728\u4e8e\u591a\u7ef4\u60c5\u51b5\uff0c\u5c31\u7b97\u662f\u5728\u4e00\u7ef4\u60c5\u51b5\u5f88\u591a\u79ef\u5206\u4e5f\u5f88\u96be\u7528\u6570\u503c\u65b9\u6cd5\u8ba1\u7b97\u51fa\u6765\uff0c\u90a3\u8be5\u600e\u4e48\u529e\uff1f\u4e8e\u662f\u4fbf\u6709\u4e86MCMC\u65b9\u6cd5\uff0c\u5168\u79f0\u662f&nbsp;<strong>\u9a6c\u5c14\u79d1\u592b\u94fe\u8499\u7279\u5361\u6d1b\u65b9\u6cd5</strong>\u3002\u5927\u5bb6\u522b\u6307\u671b\u5728\u4e0b\u6587\u91cc\u770b\u5230\u8be6\u7ec6\u7684\u8ba1\u7b97\u8fc7\u7a0b\u548c\u63a8\u5bfc\uff0c\u6211\u8fd8\u662f\u6309\u7167\u6211\u7684\u7406\u89e3\uff0c\u7b80\u5355\u5730\u4ece\u539f\u7406\u51fa\u53d1\u8fdb\u884c\u63cf\u8ff0\uff0c\u8ba9\u5927\u5bb6\u6709\u4e00\u4e2a\u611f\u6027\u7684\u8ba4\u8bc6\u3002</p>\r\n\r\n<h2>\u7b2c\u4e8c\u4e2aMC\uff1a\u8499\u7279\u5361\u6d1b\u65b9\u6cd5</h2>\r\n\r\n<p>\u867d\u7136\u8499\u7279\u5361\u6d1b\u65b9\u6cd5\u662fMCMC\u4e2d\u7684\u7b2c\u4e8c\u4e2aMC\uff0c\u4f46\u5148\u89e3\u91ca\u8499\u7279\u5361\u6d1b\u65b9\u6cd5\u4f1a\u66f4\u52a0\u5bb9\u6613\u7406\u89e3\u3002\u8499\u7279\u5361\u6d1b\u65b9\u6cd5\u4e5f\u79f0\u8499\u7279\u5361\u6d1b\u62bd\u6837\u65b9\u6cd5\uff0c\u5176\u57fa\u672c\u601d\u60f3\u662f\u901a\u8fc7\u5927\u91cf\u53d6\u6837\u6765\u8fd1\u4f3c\u5f97\u5230\u60f3\u8981\u7684\u7b54\u6848\u3002\u6709\u4e00\u4e2a\u7ecf\u5178\u7684\u8bd5\u9a8c\u5c31\u662f\u8ba1\u7b97\u5706\u5468\u7387\uff0c\u5728\u4e00\u4e2a\u8fb9\u4e0a\u4e3a1\u7684\u6b63\u65b9\u5f62\u4e2d\u753b\u4e00\u4e2a\u5185\u5207\u5706\uff0c\u5706\u7684\u9762\u79ef\u5c31\u662f&nbsp;&pi;&pi;\uff0c\u5706\u9762\u79ef\u6bd4\u4e0a\u6574\u4f53\u7684\u6b63\u65b9\u5f62\u9762\u79ef\u4e5f\u662f&nbsp;&pi;&pi;, \u73b0\u5728\u5728\u6b63\u65b9\u5f62\u5185\u4ea7\u751f\u5927\u91cf\u968f\u673a\u6570\uff0c\u6700\u540e\u6211\u4eec\u53ea\u9700\u8981\u8ba1\u7b97\u5728\u5706\u5185\u70b9\u7684\u4e2a\u6570\u6bd4\u4e0a\u603b\u4f53\u70b9\u7684\u4e2a\u6570\uff0c\u4fbf\u8fd1\u4f3c\u5f97\u5230\u4e86\u5706\u5468\u7387&nbsp;&pi;&pi;&nbsp;\u7684\u503c(\u8fd9\u4e9b\u7edf\u8ba1\u5b66\u5bb6\u662f\u771f\u806a\u660e\u554a\u3002\u3002\u3002)\u3002<br />\r\n\u73b0\u5728\u56de\u5230\u8d1d\u53f6\u65af\u516c\u5f0f\uff0c\u6211\u4eec\u73b0\u5728\u6709\u4e00\u4e2a\u540e\u9a8c\u6982\u7387&nbsp;&pi;(&theta;|x)&pi;(&theta;|x)&nbsp;\uff0c\u4f46\u6211\u4eec\u5176\u5b9e\u6700\u60f3\u77e5\u9053\u7684\u662f&nbsp;h(&theta;)h(&theta;)\u7684\u540e\u9a8c\u671f\u671b\uff1a</p>\r\n\r\n<p>&nbsp;</p>\r\n\r\n<p>E[h(&theta;)|x]=&int;h(&theta;)&pi;(&theta;|x)d&theta;E[h(&theta;)|x]=&int;h(&theta;)&pi;(&theta;|x)d&theta;</p>\r\n\r\n<p>\u600e\u4e48\u53c8\u8dd1\u51fa\u6765\u4e00\u4e2a&nbsp;h(&theta;)h(&theta;)&nbsp;\uff1f\u4e0d\u8981\u7740\u6025\uff0c\u5982\u679c\u6211\u4eec\u4ee4&nbsp;h(&theta;)=&theta;h(&theta;)=&theta;&nbsp;, \u90a3\u4e0a\u9762\u8fd9\u4e2a\u79ef\u5206\u6c42\u5f97\u5c31\u662f\u6211\u4eec\u60f3\u8981\u7684\u540e\u9a8c\u671f\u671b\u4f30\u8ba1\u4e86\uff01(\u5f53\u7136&nbsp;h(&theta;)h(&theta;)&nbsp;\u8fd8\u53ef\u4ee5\u662f\u5176\u4ed6\u60c5\u51b5\uff0c\u4f1a\u5f97\u5230\u5176\u4ed6\u6211\u4eec\u60f3\u8981\u7684\u7ed3\u679c\uff0c\u4f8b\u5982\u540e\u9a8c\u6700\u5927\u4f30\u8ba1\uff0c\u540e\u9a8c\u65b9\u5dee\u7b49\u7b49\uff0c\u8fd9\u91cc\u5c31\u4e0d\u8d58\u8ff0\u4e86) \u8499\u7279\u5361\u6d1b\u65b9\u6cd5\u6307\u51fa\uff1a\u5982\u679c\u6211\u4eec\u53ef\u4ee5\u4ece\u540e\u9a8c\u6982\u7387\u5206\u5e03&nbsp;&pi;(&theta;|x)&pi;(&theta;|x)&nbsp;\u4e2d\u62bd\u53d6\u5927\u91cf\u7684\u72ec\u7acb\u540c\u5206\u5e03(i.i.d)\u7684\u89c2\u6d4b\u503c&nbsp;&theta;1,&theta;2,&hellip;,&theta;m&theta;1,&theta;2,&hellip;,&theta;m&nbsp;,\u4e8e\u662f\u6211\u4eec\u53ef\u4ee5\u7528\u5982\u4e0b\u516c\u5f0f\uff1a</p>\r\n\r\n<p>&nbsp;</p>\r\n\r\n<p>hm=1m&sum;i=1mh(&theta;i)hm=1m&sum;i=1mh(&theta;i)</p>\r\n\r\n<p>\u5728\u5927\u6570\u5b9a\u7406\u7684\u652f\u6301\u4e0b\uff0chmhm&nbsp;\u5c31\u53ef\u770b\u4f5c\u662f&nbsp;E[h(&theta;)|x]E[h(&theta;)|x]&nbsp;\u7684\u8fd1\u4f3c\u503c\u3002\u4f46\u662f\u8fd9\u4e2a\u65b9\u6cd5\u5728\u591a\u7ef4\u548c\u540e\u9a8c\u5206\u5e03\u5f62\u5f0f\u672a\u77e5\u7684\u60c5\u51b5\u4e0b\uff0c\u5f88\u96be\u62bd\u6837\uff0c\u4e8e\u662f\u4fbf\u6709\u4e86\u7b2c\u4e00\u4e2aMC\uff0c\u9a6c\u5c14\u79d1\u592b\u94fe\u7684\u65b9\u6cd5\u3002</p>\r\n\r\n<h2>\u7b2c\u4e00\u4e2aMC\uff1a\u9a6c\u5c14\u79d1\u592b\u94fe</h2>\r\n\r\n<p>\u9a6c\u5c14\u79d1\u592b\u94fe\u4e5f\u79f0\u4e4b\u4e3a\u9a6c\u6c0f\u94fe\uff0c\u5148\u6765\u770b\u4e00\u4e0b\u6570\u5b66\u5b9a\u4e49\uff1a</p>\r\n\r\n<p>&nbsp;</p>\r\n\r\n<p>P(Xn+1=x|Xn,Xn&minus;1,&hellip;,X0)=P(Xn+1|Xn)P(Xn+1=x|Xn,Xn&minus;1,&hellip;,X0)=P(Xn+1|Xn)</p>\r\n\r\n<p>\u610f\u601d\u5c31\u662f\uff0c\u4ece&nbsp;Xn,Xn&minus;1,&hellip;,X0Xn,Xn&minus;1,&hellip;,X0&nbsp;\u5230&nbsp;Xn+1Xn+1&nbsp;\u7684\u8f6c\u79fb\u6982\u7387\u53ea\u4e0e&nbsp;Xn+1Xn+1&nbsp;\u7684\u524d\u4e00\u4e2a\u72b6\u6001&nbsp;XnXn&nbsp;\u6709\u5173\u3002<br />\r\n\u5982\u679c\u6761\u4ef6\u6982\u7387&nbsp;P(Xn+1|Xn)P(Xn+1|Xn)&nbsp;\u4e0e&nbsp;nn&nbsp;\u65e0\u5173\uff0c\u6210\u4e3a\u4e00\u4e2a\u56fa\u5b9a\u503c\uff0c\u90a3\u4e48\u5c31\u79f0\u8fd9\u4e2a\u9a6c\u6c0f\u94fe\u6709\u5e73\u7a33\u8f6c\u79fb\u6982\u7387\uff0c\u8bb0\u4e3a&nbsp;pijpij&nbsp;\u3002\u5e76\u4e14\u6211\u4eec\u79f0&nbsp;P=(pij)P=(pij)&nbsp;\u4e3a\u9a6c\u6c0f\u94fe\u7684\u8f6c\u79fb\u77e9\u9635\uff0c\u4e14\u6ee1\u8db3\u6761\u4ef6\uff1a</p>\r\n\r\n<p>&nbsp;</p>\r\n\r\n<p>pij&ge;0,&sum;i=0&infin;pij=1pij&ge;0,&sum;i=0&infin;pij=1</p>\r\n\r\n<p>\u600e\u4e48\u4e00\u4e2a\u6982\u7387\u53d8\u6210\u4e00\u4e2a\u77e9\u9635\u4e86\uff1f\uff1f\uff1f\u5176\u5b9e\u8fd9\u4e2a\u8f6c\u79fb\u6982\u7387&nbsp;pijpij&nbsp;\u6307\u7684\u53ea\u662f\u72b6\u6001&nbsp;ii&nbsp;\u4e2d\u7684\u4e00\u4e2a\u89c2\u6d4b\u503c&nbsp;XnXn&nbsp;\u5230\u72b6\u6001&nbsp;jj&nbsp;\u4e2d\u7684\u53e6\u4e00\u4e2a\u89c2\u6d4b\u503c&nbsp;Xn+1Xn+1&nbsp;\u7684\u6982\u7387\uff0c\u5176\u5b9e\u6211\u4eec\u5728\u6bcf\u4e2a\u72b6\u6001\u4e0b\u8bb8\u8bb8\u591a\u591a\u7684\u89c2\u6d4b\u503c\u3002\u6211\u968f\u4fbf\u4e3e\u4e00\u4f8b\u5b50\uff1a<br />\r\n\u73b0\u6709\u4e00\u4e2a\u8f6c\u6362\u77e9\u9635\uff1a</p>\r\n\r\n<table>\r\n\t<thead>\r\n\t\t<tr>\r\n\t\t\t<th>&nbsp;</th>\r\n\t\t\t<th>j1j1</th>\r\n\t\t\t<th>j2j2</th>\r\n\t\t\t<th>j2j2</th>\r\n\t\t</tr>\r\n\t</thead>\r\n\t<tbody>\r\n\t\t<tr>\r\n\t\t\t<td>i1i1</td>\r\n\t\t\t<td>0.7</td>\r\n\t\t\t<td>0.1</td>\r\n\t\t\t<td>0.2</td>\r\n\t\t</tr>\r\n\t\t<tr>\r\n\t\t\t<td>i2i2</td>\r\n\t\t\t<td>0.2</td>\r\n\t\t\t<td>0.3</td>\r\n\t\t\t<td>0.5</td>\r\n\t\t</tr>\r\n\t\t<tr>\r\n\t\t\t<td>i3i3</td>\r\n\t\t\t<td>0.1</td>\r\n\t\t\t<td>0.1</td>\r\n\t\t\t<td>0.8</td>\r\n\t\t</tr>\r\n\t</tbody>\r\n</table>\r\n\r\n<p>&nbsp;</p>\r\n\r\n<p>P=\u23a1\u23a3\u23a20.70.20.10.10.30.10.20.50.8\u23a4\u23a6\u23a5P=[0.70.10.20.20.30.50.10.10.8]</p>\r\n\r\n<p>\u53ef\u4ee5\u770b\u51fa\u72b6\u6001i\u4e2d\u7684\u4e00\u4e2a\u89c2\u6d4b\u503c\u8f6c\u79fb\u5230\u4e0b\u4e2a\u72b6\u6001j\u7684\u5206\u522b\u4e09\u4e2a\u89c2\u6d4b\u503c\u7684\u6982\u7387\u548c\u4e3a1\u3002</p>\r\n\r\n<p>\u4e0b\u9762\u5c31\u662f\u6700\u6700\u91cd\u8981\u7684\u9a6c\u6c0f\u94fe\u7684\u5e73\u7a33\u6027(\u4e5f\u53ef\u79f0\u4e4b\u4e3a\u6536\u655b\u6027)\uff1a<br />\r\n\u8bbe\u9a6c\u5c14\u79d1\u592b\u94fe\u6709\u8f6c\u79fb\u6982\u7387\u77e9\u9635&nbsp;P=(pij)P=(pij)&nbsp;, \u4e00\u4e2a\u6982\u7387\u5206\u5e03&nbsp;&pi;=&pi;i,i&ge;0&pi;=&pi;i,i&ge;0&nbsp;\u5982\u679c\u6ee1\u8db3&nbsp;&pi;j=&sum;i&pi;ipij&pi;j=&sum;i&pi;ipij&nbsp;, \u5219\u79f0\u4e4b\u4e3a\u6b64\u9a6c\u5c14\u79d1\u592b\u94fe\u7684\u5e73\u7a33\u5206\u5e03\u3002\uff08\u53d6\u81ea[1]\u4e2d\u5b9a\u4e496.3.2\uff09<br />\r\n\u53ef\u80fd\u8fd9\u4e48\u770b\u8fd9\u4e2a\u5b9a\u4e49\u8fd8\u662f\u6709\u70b9\u7ed5\uff0c\u8fd9\u91cc\u7684&nbsp;i,ji,j&nbsp;\u5e76\u4e0d\u662f\u6307\u4ece&nbsp;ii&nbsp;\u4e00\u6b65\u5c31\u5230\u4e86&nbsp;jj&nbsp;,\u6c42\u548c\u7b26\u53f7&nbsp;&sum;&sum;&nbsp;\u7684\u610f\u601d\u5c31\u662f\u80fd\u8ba9\u6982\u7387\u5206\u5e03&nbsp;&pi;(i)&pi;(i)&nbsp;\u7ecf\u8fc7&nbsp;nn&nbsp;\u6b65\u4e4b\u540e\u6210\u4e3a\u5e73\u7a33\u5206\u5e03&nbsp;&pi;(j)&pi;(j)&nbsp;\u3002\u6211\u4eec\u5f97\u5230\u7684\u5e73\u7a33\u5206\u5e03&nbsp;&pi;(j)=[&pi;(1),&pi;(2),&hellip;,&pi;(j)]&pi;(j)=[&pi;(1),&pi;(2),&hellip;,&pi;(j)]&nbsp;\u91cc\u9762\u5404\u4e2a\u6982\u7387\u7684\u548c\u4e5f\u4e3a1\u3002<br />\r\n\u73b0\u5728\u6211\u4eec\u5c31\u8981\u628a\u8fd9\u4e2a\u9a6c\u5c14\u79d1\u592b\u94fe\u548c\u8d1d\u53f6\u65af\u8054\u7cfb\u8d77\u6765\uff0c\u6309\u7167\u6211\u7684\u7406\u89e3\uff0c&pi;(i)&pi;(i)&nbsp;\u5c31\u662f\u6211\u4eec\u7684\u5148\u9a8c\u5206\u5e03\uff0c\u5982\u679c\u6211\u4eec\u80fd\u627e\u5230\u4e00\u4e2a\u8f6c\u79fb\u77e9\u9635\uff0c\u90a3\u4e48\u6211\u4eec\u5c31\u4f1a\u5728n\u6b65\u4e4b\u540e\u5c31\u4f1a\u6536\u655b\u5230\u4e00\u4e2a\u5e73\u7a33\u5206\u5e03\uff0c\u800c\u8fd9\u4e2a\u5206\u5e03\u5c31\u662f\u6211\u4eec\u8981\u7684\u540e\u9a8c\u5206\u5e03\u3002\u5f97\u5230\u5e73\u7a33\u5206\u5e03\u540e\uff0c\u6839\u636e\u5e73\u7a33\u6027\uff0c\u7ee7\u7eed\u4e58\u4e0a\u8fd9\u4e2a\u8f6c\u79fb\u6982\u7387\u77e9\u9635\uff0c\u5e73\u7a33\u5206\u5e03\u4f9d\u7136\u4e0d\u4f1a\u6539\u53d8\uff0c\u6240\u4ee5\u6211\u4eec\u5c31\u4ece\u5f97\u5230\u5e73\u7a33\u5206\u5e03\u5f00\u59cb\u6bcf\u6b21\u5bf9\u5176\u4e2d\u62bd\u68371\u4e2a\u51fa\u6765\uff0c\u518d\u7ecf\u8fc7m\u6b65\u4e4b\u540e\uff0c\u6211\u4eec\u5c31\u5f97\u5230\u4e86m\u4e2a\u670d\u4ece\u540e\u9a8c\u5206\u5e03\u7684i.i.d\u6837\u672c\uff0c\u4fbf\u53ef\u6309\u7167\u7b2c\u4e8c\u4e2aMC\u8499\u7279\u5361\u6d1b\u65b9\u6cd5\u8fdb\u884c\u8ba1\u7b97\u4e86\uff01</p>\r\n\r\n<p>\u5f53\u7136\uff0c\u8fd8\u6709\u5f88\u591a\u7406\u8bba\u662f\u5173\u4e8e\u5982\u4f55\u627e\u8fd9\u4e2a\u8f6c\u79fb\u6982\u7387\u77e9\u9635\u7684\uff0c\u548c\u7b97\u6cd5\u5982\u4f55\u5b9e\u73b0\u7684\uff0c\u4f46\u8fd9\u4e9b\u90fd\u592a\u590d\u6742\u4e86\uff0c\u5c31\u4e0d\u5728\u8fd9\u91cc\u8bf4\u4e86\u3002MCMC\u662f\u4e00\u4e2a\u6709\u7740\u5b8c\u6574\u4f53\u7cfb\u7684\u4e1c\u897f\uff0c\u5e02\u9762\u4e0a\u90fd\u5f88\u5c11\u6709\u8be6\u7ec6\u4ecb\u7ecd\u5176\u7406\u8bba\u8fc7\u7a0b\u7684\u8d44\u6599\uff0c\u6709\u7684\u8bdd\u90a3\u90fd\u4e0d\u662f\u51e0\u5341\u9875\u7eb8\u80fd\u8bb2\u5b8c\u7684\u3002\u6709\u4e00\u4e9b\u5f88\u597d\u7684\u8bb2\u89e3\u53ef\u53c2\u8003\u8d44\u6599[1][4]\uff0c\u5c24\u5176\u662f[4]\u662f\u4e2a\u5f88\u6709\u540d\u7684\u6587\u6863\uff0c\u8bb2\u5f97\u975e\u5e38\u901a\u4fd7\u6613\u61c2\u3001\u6df1\u5165\u6d45\u51fa\uff0c\u6211\u5728\u8fd9\u4e24\u4e2a\u90e8\u5206\u5199\u7684\u5c11\u7684\u539f\u56e0\u5c31\u662f\u5982\u679c\u5199\u591a\u4e86\u4e5f\u5c31\u662f\u628a\u8fd9\u4e9b\u8d44\u6599\u5bf9\u5e94\u90e8\u5206\u91cd\u65b0\u8bf4\u4e00\u904d\uff0c\u6240\u4ee5\u6709\u5174\u8da3\u7684\u5c31\u76f4\u63a5\u770b\u8fd9\u4e9b\u8d44\u6599\u5427\u3002</p>\r\n\r\n<h2>MCMC\u7684Python\u5b9e\u73b0&mdash;&mdash;Pymc</h2>\r\n\r\n<p>\u539f\u672c\u60f3\u5728\u8fd9\u91cc\u8be6\u7ec6\u4ecb\u7ecd\u4e00\u4e2a\u4f8b\u5b50\u7684\uff0c\u4f46\u7ec8\u7a76\u8fd8\u662f\u522b\u4eba\u7684\u4f8b\u5b50\uff0c\u8fd8\u662f\u53bb\u770b\u539f\u8d44\u6599\u6bd4\u8f83\u597d\uff0c\u89c1[4]\u3002\u6ce8\u610f\u6587\u4ef6\u7684\u6587\u4ef6\u662f<code>ipython</code>\u7684\u683c\u5f0f\uff0c\u7528<code>anaconda</code>\u91cc\u7684<code>Jupyter notebook</code>\u6253\u5f00\u5c31\u884c\u3002\u8fd8\u6709\u8981\u6ce8\u610f\u7684\u662f\u6bcf\u4e2a\u7ae0\u8282\u7684\u5185\u5bb9\u5206\u4e3a\u4e86<code>pymc2</code>\u548c<code>pymc3</code>\u4e24\u4e2a\u5e93\u7684\u5b9e\u73b0\u3002<code>pymc3</code>\u9700\u8981\u4f9d\u8d56\u9879<code>theano</code>\u624d\u884c\uff0c\u6211\u4e00\u5f00\u59cb\u5c31\u4e00\u76f4\u8fd0\u884c\u4e0d\u8d77\u6765\uff0c\u539f\u6765<code>theano</code>\u53ea\u80fd\u5728<code>python&lt;3.6\u548cscipy&lt;0.17.1</code>\u624d\u80fd\u8fd0\u884c\u3002</p>\r\n\r\n<h1>\u7ed3\u5c3e</h1>\r\n\r\n<p>\u8fd9\u7bc7\u6587\u7ae0\u4e3b\u8981\u4ecb\u7ecd\u4e86\u8d1d\u53f6\u65af\u7edf\u8ba1\u7684\u6570\u5b66\u601d\u60f3\uff0c\u8fd9\u7bc7\u6587\u7ae0\u4ece\u5934\u5230\u5c3e\u5199\u4e86\u6709\u8fd1\u5341\u4e2a\u5c0f\u65f6\u4e86\uff0c\u5e0c\u671b\u80fd\u5bf9\u5927\u5bb6\u6709\u6240\u5e2e\u52a9\uff0c\u5982\u679c\u6709\u4efb\u4f55\u9519\u8bef\u548c\u89e3\u91ca\u4e0d\u5f53\u7684\u5730\u65b9\uff0c\u8bf7\u7ed9\u6211\u8bc4\u8bba\uff0c\u6211\u4e5f\u53ea\u662f\u4e2a\u521d\u5b66\u8005\uff0c\u4e5f\u5e0c\u671b\u80fd\u5f97\u5230\u5927\u795e\u7684\u6307\u70b9\u3002</p>\r\n\r\n<h1>References</h1>\r\n\r\n<p>[1]\u97e6\u6765\u751f\uff0c\u300a\u8d1d\u53f6\u65af\u7edf\u8ba1\u300b\uff0c\u9ad8\u7b49\u6559\u80b2\u51fa\u7248\u793e\uff0c2016<br />\r\n[2]John A.Rice, \u300a\u6570\u7406\u7edf\u8ba1\u4e0e\u6570\u636e\u5206\u6790\u300b(\u539f\u4e66\u7b2c\u4e09\u7248), \u673a\u68b0\u5de5\u4e1a\u51fa\u7248\u793e, 2016<br />\r\n[3]Cameron Davidson-Pilon,&nbsp;<a href=\"https://github.com/CamDavidsonPilon/Probabilistic-Programming-and-Bayesian-Methods-for-Hackers\" rel=\"external\" target=\"_blank\"><em>Probabilistic Programming and Bayesian Methods for Hackers</em></a>, 2016<br />\r\n[4]Rickjin(\u9773\u5fd7\u8f89)\uff0c<a href=\"http://emma.memect.com/t/9756da9a47744de993d8df13a26e04e38286c9bc1c5a0d2b259c4564c6613298/LDA\" rel=\"external\" target=\"_blank\">\u300aLDA\u6570\u5b66\u516b\u5366\u300b</a>\uff0c2013</p>\r\n\r\n<p>&nbsp;</p>", "read_num": 33, "pub_date": "2018-06-03T04:45:27.962Z", "modify_date": "2018-06-22T09:27:01.833Z", "author": 1, "is_original": false, "blog_url": "http://www.xuyankun.cn/2017/05/13/bayes/"}}, {"model": "blog.blogs", "pk": 10, "fields": {"title": "Django\u4e2d\u4f7f\u7528\u6587\u7ae0\u56fe\u7247\u4f5c\u4e3a\u5bfc\u822a\u9875\u7f29\u7565\u56fe", "blog_type": 2, "content": "<h2 style=\"text-align:center\"><img alt=\"\u7f29\u7565\u56fe\" src=\"/media/upload/2018/06/04/thumbnail.jpg\" style=\"height:228px; width:400px\" /></h2>\r\n\r\n<h2>&nbsp;\u524d\u8a00\uff1a</h2>\r\n\r\n<p style=\"margin-left:40px\">&nbsp;&nbsp;&nbsp;&nbsp;&nbsp;&nbsp;&nbsp;&nbsp;\u5f00\u53d1\u4e2a\u4eba\u535a\u5ba2\u4e2d\uff0c\u60f3\u6dfb\u52a0\u535a\u5ba2\u9875\u9762\u4e2d\u7684\u56fe\u7247\u4f5c\u4e3a\u5bfc\u822a\u9875\u9762\u7684\u7f29\u7565\u56fe\uff0c\u5728\u7f51\u4e0a\u627e\u4e86\u5f88\u591a\u6559\u7a0b\uff0c\u90fd\u6ca1\u6709\u627e\u5230\u5408\u9002\u7684\uff0c\u6709\u4e9b\u4f7f\u7528wordpress \u81ea\u5e26\u7684\u7f29\u7565\u56fe\u529f\u80fd\uff0c\u6709\u4e9b\u91c7\u7528javascript \u3002\u81ea\u5df1\u4e5f\u6478\u7d22\u4e86\u5f88\u4e45\uff0c\u8d77\u5148\uff0c\u60f3\u8fc7\u81ea\u5df1\u5efa\u7acb\u4e00\u4e2a\u7f29\u7565\u56femodels\uff0c\u7136\u540e\u5173\u8054blog\uff0c\u4f46\u56e0\u4e3a\u8de8\u9875\u8bf7\u6c42\uff08\u5728\u5bfc\u822a\u9875\u9762\u8bf7\u6c42\u7684\u65f6\u5019\u9700\u8981\u4f20\u5165\u5bf9\u5e94id\uff09\uff0c\u5bfc\u5165\u7684\u65f6\u5019\u4e0d\u662f\u5f88\u65b9\u4fbf\u3002 \u6700\u540e\uff0c\u7efc\u5408\u8003\u8651\uff0c\u5728\u524d\u7aef\u4f7f\u7528\u81ea\u5b9a\u4e49\u8fc7\u6ee4\u5668\uff08simple_tag), \u540e\u7aef\u5b9a\u4e49\u5339\u914d\u89c4\u5219\uff0c\u8be6\u7ec6\u6559\u7a0b\u5982\u4e0b\uff1a</p>\r\n\r\n<p>&nbsp;</p>\r\n\r\n<h2>\u540e\u7aef:</h2>\r\n\r\n<p style=\"margin-left:40px\">\u5728 app \u540c\u7ea7\u76ee\u5f55\u4e0b \u5efa\u7acb <span style=\"color:#e74c3c\">templatetags</span> \u6587\u4ef6\u5939\uff0c \u7136\u540e\u521b\u5efa <span style=\"color:#3498db\">get_blog_img</span>.py \uff08\u8be5\u6587\u4ef6\u540d\u9700\u8981\u5728\u524d\u7aef\u5bfc\u5165\uff0c\u540e\u9762\u524d\u7aef\u90e8\u5206\u4f1a\u8bb2\u5230\uff09\uff0c \u4f7f\u7528pyquery\u83b7\u53d6\u6587\u7ae0\u7684html\u4ee3\u7801\u3002\u7136\u540e\u7528\u6b63\u5219\u8fdb\u884c\u5168\u90e8\u6293\u53d6\u83b7\u53d6\u7b2c\u4e00\u4e2a\u56fe\u7247\uff0c\u4e5f\u53ef\u4ee5\u4f7f\u7528 pq(html)(&#39;img&#39;).attr(&#39;src&#39;) \u83b7\u53d6\u56fe\u7247\u5730\u5740\uff1a</p>\r\n\r\n<p style=\"margin-left:40px\">\u4ee3\u7801\u5982\u4e0b\uff1a</p>\r\n\r\n<p>&nbsp;</p>\r\n\r\n<div style=\"background:#eeeeee; border:1px solid #cccccc; margin-left:40px; padding:5px 10px\">\r\n<pre>\r\n<code class=\"language-python\">import re\r\nfrom django import template\r\nfrom pyquery import PyQuery as pq   \r\nfrom ..models import Blogs  #\u5bfc\u5165\u6a21\u578b\r\n\r\nregister = template.Library()\r\n\r\n@register.simple_tag()\r\ndef get_blog_img(content):\r\n    html = pq(content)\r\n    reg = r\"\\/media\\/upload.*?\\.(?:jpg|png|bmp|gif)\"\r\n    imgre = re.compile(reg)\r\n    img_path = imgre.search(html.html())\r\n    if img_path:\r\n        return img_path.group()\r\n    else:\r\n        return '/static/images/django.jpg'</code></pre>\r\n</div>\r\n\r\n<h2>\u524d\u7aef\uff1a&nbsp;</h2>\r\n\r\n<p style=\"margin-left:40px\">\u5e94\u7528\u4e4b\u524d\u9700\u8981\u5148\u5bfc\u5165\u81ea\u5b9a\u4e49\u8fc7\u6ee4\u5668\uff1a</p>\r\n\r\n<div style=\"background:#eeeeee; border:1px solid #cccccc; margin-left:40px; padding:5px 10px\">\r\n<pre>\r\n{% load get_blog_img %} &lt;!--\u5bfc\u5165\u81ea\u5b9a\u4e49\u8fc7\u6ee4\u5668\uff0c\u8be5\u53d8\u91cf\u5c31\u662f\u4e0a\u9762\u84dd\u8272\u5b57\u4f53\u540d\u5b57 --&gt;</pre>\r\n</div>\r\n\r\n<p style=\"margin-left:40px\">\u5728\u9700\u8981\u6dfb\u52a0\u8fc7\u6ee4\u5668\u7684\u65f6\u5019\uff0c\u4f7f\u7528\uff1a</p>\r\n\r\n<div style=\"background:#eeeeee; border:1px solid #cccccc; margin-left:40px; padding:5px 10px\">\r\n<pre>\r\n{% get_blog_img  blog.content %} &lt;!--\u7b2c\u4e00\u4e2a\u53c2\u6570\u662f\u4f60\u6587\u4ef6\u4e2d\u5b9a\u4e49\u7684\u51fd\u6570\u540d\u79f0\uff0c \u7b2c\u4e8c\u4e2a\u662f\u4f20\u7ed9\u8be5\u51fd\u6570\u7684 \u53c2\u6570 --&gt;&nbsp;</pre>\r\n</div>\r\n\r\n<p style=\"margin-left:40px\">\u8fd9\u6837\u5c31\u5927\u529f\u544a\u6210\u4e86\uff0c\u5728\u5bfc\u822a\u9875\u9762\u663e\u793a\u6587\u7ae0\u4e2d\u7684\u56fe\u7247\u3002&nbsp;</p>\r\n\r\n<h2>\u603b\u7ed3\uff1a</h2>\r\n\r\n<p style=\"margin-left:40px\">\u7ecf\u9a8c\u77e5\u8bc6\u771f\u7684\u4f1a\u9650\u5236\u4f60\u7684\u60f3\u8c61\u529b\u3002\u52a0\u6cb9\uff01</p>", "read_num": 37, "pub_date": "2018-06-04T07:56:26.516Z", "modify_date": "2018-06-22T08:01:25.931Z", "author": 1, "is_original": true, "blog_url": "."}}, {"model": "blog.blogs", "pk": 11, "fields": {"title": "Django-ckeditor \u5982\u4f55\u5b9e\u73b0\u6dfb\u52a0\u4ee3\u7801\u5757\u548c\u4ee3\u7801\u9ad8\u4eae\u663e\u793a", "blog_type": 2, "content": "<p>\u9002\u914dDjango\u5bcc\u6587\u672c\u7f16\u8f91\u5668\u6709\u5f88\u591a\u79cd\uff0c\u4f46\u7efc\u5408\u4e0b\u6765\uff0c\u76ee\u524dckeditor \u662f\u6700\u706b\u6700\u6d41\u884c\u7684\u5bcc\u6587\u672c\u7f16\u8f91\u5668\u4e4b\u4e00\u3002</p>\r\n\r\n<p>CKeditor \u57fa\u672c\u6ee1\u8db3\u4e2a\u4eba\u7f16\u8f91\u6240\u9700\uff0c \u4f46\u5bf9\u4e8e\u4e00\u4e9b\u7a0b\u5e8f\u5458\u6765\u8bf4\uff0c\u5c31\u6709\u4e9b\u4e0d\u4e50\u610f\u4e86\uff0c\u56e0\u4e3a\u9ed8\u8ba4\u914d\u7f6e\u91cc\u9762\u7adf\u7136\u5c11\u4e86\u4ee3\u7801\u5757\u8fd9\u4e48\u6709\u7528\u7684\u529f\u80fd\uff0c\u8fd9\u600e\u4e48\u80fd\u5fcd\uff1f\uff08\u867d\u7136\u5728\u6837\u5f0f\u91cc\u9762\u6709\u4e00\u4e2aComputer Code \u8fd9\u4e00\u6837\u5f0f\uff0c\u4f46\u771f\u7684\u592a\u9e21\u808b\u4e86\uff09</p>\r\n\r\n<p>\u5148\u522b\u6025\uff0c\u5176\u5b9eCKedtior \u662f\u652f\u6301\u8fd9\u4e00\u529f\u80fd\uff0c\u53ea\u662f\u85cf\u7740\u6396\u7740\uff0c\u7b49\u7740\u6709\u5fd7\u4e4b\u58eb\u6765\u81ea\u6211\u914d\u7f6e\u3002</p>\r\n\r\n<p>\u4e0b\u9762\u8bf7\u770b\u8be6\u7ec6\u6559\u7a0b\uff1a</p>\r\n\r\n<p><strong>\u4e00\u3001\u65b9\u6cd5\uff1a</strong></p>\r\n\r\n<p>\uff081\uff09\u5728ckeditor/config.js\u4e2d\uff0c\u6dfb\u52a0</p>\r\n\r\n<pre>\r\n<code class=\"language-javascript\">config.extraPlugins: \"codesnippet\";  \r\n</code></pre>\r\n\r\n<p>&nbsp;\u6765\u6ce8\u518c\u8fd9\u4e2a\u63d2\u4ef6</p>\r\n\r\n<p>\uff082\uff09\u5728\u9879\u76ee\u7684settings.py\u4e2d\u6dfb\u52a0\uff1a</p>\r\n\r\n<div style=\"background:#eeeeee; border:1px solid #cccccc; padding:5px 10px\">CKEDITOR_CONFIGS = { &nbsp;<br />\r\n&nbsp; &nbsp; &#39;default&#39;: { &nbsp;<br />\r\n&nbsp; &nbsp; &nbsp; &nbsp; &nbsp;&#39;toolbar&#39;: ([&#39;div&#39;, &#39;Source&#39;, &#39;-&#39;, &#39;Save&#39;, &#39;NewPage&#39;, &#39;Preview&#39;, &#39;-&#39;, &#39;Templates&#39;], &nbsp;<br />\r\n&nbsp; &nbsp; &nbsp; &nbsp; &nbsp; &nbsp; &nbsp; &nbsp; &nbsp; &nbsp; [&#39;Cut&#39;, &#39;Copy&#39;, &#39;Paste&#39;, &#39;PasteText&#39;, &#39;PasteFromWord&#39;, &#39;-&#39;,&#39;Print&#39;,&#39;SpellChecker&#39;,&#39;Scayt&#39;], &nbsp;<br />\r\n&nbsp; &nbsp; &nbsp; &nbsp; &nbsp; &nbsp; &nbsp; &nbsp; &nbsp; &nbsp; [&#39;Undo&#39;, &#39;Redo&#39;, &#39;-&#39;, &#39;Find&#39;, &#39;Replace&#39;, &#39;-&#39;, &#39;SelectAll&#39;, &#39;RemoveFormat&#39;,&#39;-&#39;,&#39;Maximize&#39;, &#39;ShowBlocks&#39;,<span style=\"color:#e74c3c\"> &quot;CodeSnippet&quot;</span>], &nbsp;<br />\r\n&nbsp; &nbsp; &nbsp; &nbsp; &nbsp; &nbsp; &nbsp; &nbsp; &nbsp; &nbsp; [&#39;Form&#39;, &#39;Checkbox&#39;, &#39;Radio&#39;, &#39;TextField&#39;, &#39;Textarea&#39;, &#39;Select&#39;, &#39;Button&#39;, &#39;ImageButton&#39;, &nbsp;<br />\r\n&nbsp; &nbsp; &nbsp; &nbsp; &nbsp; &nbsp; &nbsp; &nbsp; &nbsp; &nbsp; &nbsp;&#39;HiddenField&#39;], &nbsp;<br />\r\n&nbsp; &nbsp; &nbsp; &nbsp; &nbsp; &nbsp; &nbsp; &nbsp; &nbsp; &nbsp; [&#39;Bold&#39;, &#39;Italic&#39;, &#39;Underline&#39;, &#39;Strike&#39;, &#39;-&#39;], &nbsp;<br />\r\n&nbsp; &nbsp; &nbsp; &nbsp; &nbsp; &nbsp; &nbsp; &nbsp; &nbsp; &nbsp; [&#39;NumberedList&#39;, &#39;BulletedList&#39;, &#39;-&#39;, &#39;Outdent&#39;, &#39;Indent&#39;, &#39;Blockquote&#39;], &nbsp;<br />\r\n&nbsp; &nbsp; &nbsp; &nbsp; &nbsp; &nbsp; &nbsp; &nbsp; &nbsp; &nbsp; [&#39;JustifyLeft&#39;, &#39;JustifyCenter&#39;, &#39;JustifyRight&#39;, &#39;JustifyBlock&#39;], &nbsp;<br />\r\n&nbsp; &nbsp; &nbsp; &nbsp; &nbsp; &nbsp; &nbsp; &nbsp; &nbsp; &nbsp; [&#39;Link&#39;, &#39;Unlink&#39;, &#39;Anchor&#39;], &nbsp;<br />\r\n&nbsp; &nbsp; &nbsp; &nbsp; &nbsp; &nbsp; &nbsp; &nbsp; &nbsp; &nbsp; [&#39;Image&#39;, &#39;Flash&#39;, &#39;Table&#39;, &#39;HorizontalRule&#39;, &#39;Smiley&#39;, &#39;SpecialChar&#39;, &#39;PageBreak&#39;], &nbsp;<br />\r\n&nbsp; &nbsp; &nbsp; &nbsp; &nbsp; &nbsp; &nbsp; &nbsp; &nbsp; &nbsp; [&#39;Styles&#39;, &#39;Format&#39;, &#39;Font&#39;, &#39;FontSize&#39;], &nbsp;<br />\r\n&nbsp; &nbsp; &nbsp; &nbsp; &nbsp; &nbsp; &nbsp; &nbsp; &nbsp; &nbsp; [&#39;TextColor&#39;, &#39;BGColor&#39;], &nbsp;<br />\r\n&nbsp;&nbsp;<br />\r\n&nbsp; &nbsp; &nbsp; &nbsp; &nbsp; &nbsp; &nbsp; &nbsp; &nbsp; &nbsp; ), &nbsp;<br />\r\n&nbsp; &nbsp; &nbsp; &nbsp; <span style=\"color:#e74c3c\">&#39;extraPlugins&#39;: &#39;codesnippet&#39;, &nbsp;</span><br />\r\n&nbsp; &nbsp; } &nbsp;<br />\r\n} &nbsp;</div>\r\n\r\n<p>\u4e0a\u9762 \u7ea2\u8272\u5b57\u4f53\u90e8\u5206\u5c31\u662f\u5b9e\u73b0\u589e\u52a0\u4ee3\u7801\u5757\u529f\u80fd\u6240\u9700\u8981\u6dfb\u52a0\u7684\u4ee3\u7801</p>\r\n\r\n<p>\u7ecf\u8fc7\u8fd9\u4e48\u4e24\u6b65\uff0c\u5c31\u53ef\u4ee5\u770b\u5230 \u7f16\u8f91\u6846\u4e2d\u591a\u4e86\u8fd9\u4e2a\u4e1c\u897f</p>\r\n\r\n<p><img alt=\"CKEDITOR\" src=\"/media/upload/2018/06/07/cdeditor.png\" style=\"height:244px; width:660px\" />&nbsp;</p>\r\n\r\n<p>&nbsp;</p>\r\n\r\n<p>\u4f46\u6b64\u65f6\uff0c\u4f60\u5728\u7f16\u8f91\u6846\u91cc\u9762\u7f16\u8f91\u4ee3\u7801\u6ca1\u95ee\u9898\uff0c\u5173\u952e\u8bcd\uff0c\u5907\u6ce8\uff0c\u6570\u5b57\uff0c\u5b57\u7b26\u4e32\u4f1a\u663e\u793a\u4e0d\u540c\u7684\u989c\u8272\uff0c\u4f46\u5c55\u793a\u5728\u7f51\u7ad9\u4e0a\uff0c\u7136\u5e76\u5375\uff0c\u4f9d\u7136\u662f\u767d\u7eb8\u9ed1\u5b57\uff0c\u522b\u6025\uff0c\u8bf7\u770b\u4e0b\u9762\u7684\u6559\u7a0b\uff1a</p>\r\n\r\n<p>\uff083\uff09\u5728\u7f51\u9875\u4e2d\u9ad8\u4eae\u7684\u6548\u679c\u4e3b\u8981\u662f\u6839\u636e&lt;pre&gt;\u6807\u7b7e\u548c &lt;code class=&quot;language-html&quot;&gt;\u8fd9\u4e24\u4e2a\u6807\u7b7e\u6765\u663e\u793a\u7684\uff0c\u5176\u4e2dlanguage-html\u8868\u793a\u7684\u663e\u793a\u9ad8\u4eae\u8bed\u8a00\u4e3aHTML\u3002 highlight.js\u5c31\u662f\u6839\u636e\u8fd9\u4e24\u4e2a\u6807\u7b7e\u6765\u663e\u793a\u9ad8\u4eae\u6548\u679c\u3002</p>\r\n\r\n<p>\u6211\u4eec\u9996\u5148\u8981\u5c06highlight.js\u4e0b\u8f7d\u4e0b\u6765\uff08<a href=\"http://highlightjs.org/download/\" target=\"_blank\">\u4e0b\u8f7d\u5730\u5740</a>\uff0c\u53ef\u4ee5\u9009\u62e9\u8981\u9ad8\u4eae\u7684\u7f16\u7a0b\u8bed\u8a00\u79cd\u7c7b\uff09\uff0c\u7136\u540e\u5728\u9700\u8981\u4ee3\u7801\u9ad8\u4eae\u7684\u9875\u9762\u6dfb\u52a0\u4e0b\u9762\u7684\u4ee3\u7801\uff1a</p>\r\n\r\n<pre>\r\n<code class=\"language-html\">&lt;!--\u5f00\u5934\u8fd9\u91cc\u7684\u6837\u5f0f\u4e3a\u9ed8\u8ba4\u7684\u98ce\u683c\uff0c\u53ef\u4ee5\u6839\u636e\u81ea\u5df1\u7684\u559c\u597d\u66f4\u6362\u98ce\u683c--&gt;\r\n&lt;!--\u6211\u7684\u9ad8\u4eae\u6548\u679c\u662fPurebasic--&gt;\r\n&lt;link rel=\"stylesheet\" href=\"styles/default.css\"&gt;\r\n&lt;script src=\"highlight.pack.js\"&gt;&lt;/script&gt;\r\n&lt;script&gt;hljs.initHighlightingOnLoad();&lt;/script&gt;</code></pre>\r\n\r\n<p>\u8981\u6ce8\u610f\u66f4\u6539css\u6837\u5f0f\u548cJS\u7684\u5f15\u7528\u5730\u5740\uff0c\u5730\u5740\u4ee5\u81ea\u5df1\u7f51\u7ad9\u4e2dhighlight.js\u7684\u5b58\u653e\u5730\u5740\u4e3a\u51c6\u3002\u53e6\u5916\u9ad8\u4eae\u5e93\u9ed8\u8ba4\u4f7f\u7528\u7684\u662fdefault.css\u7684\u9ad8\u4eae\u98ce\u683c\uff0c\u8fd9\u91cc\u662fhighlightjs\u7684\u5404\u79cd\u4ee3\u7801\u9ad8\u4eae\u98ce\u683c\u7684\u663e\u793a\u6548\u679c\uff0c\u5927\u5bb6\u53ef\u4ee5\u5230\u4e0a\u9762\u6d4b\u8bd5\u9009\u62e9\u81ea\u5df1\u559c\u6b22\u7684\u9ad8\u4eae\u98ce\u683c\uff1a<a href=\"http://highlightjs.org/static/test.html\" target=\"_blank\">http://highlightjs.org/static/test.html</a>\u3002highlightjs\u7684\u5177\u4f53\u4f7f\u7528\u65b9\u6cd5\u53ef\u4ee5\u770b\u5b98\u7f51\u7684\u6587\u6863\uff1a<a href=\"http://highlightjs.org/usage/\" target=\"_blank\">http://highlightjs.org/usage/</a>\u3002</p>\r\n\r\n<p>\u5230\u8fd9\u91cc\u5c31\u53ef\u4ee5\u5b8c\u6574\u7684\u5c06\u4ee3\u7801\u7247\u6bb5\u8fdb\u884c\u9ad8\u4eae\u663e\u793a\u4e86\u3002</p>\r\n\r\n<p>&nbsp;</p>\r\n\r\n<p>&nbsp;</p>\r\n\r\n<p>&nbsp;</p>", "read_num": 27, "pub_date": "2018-06-07T08:52:08.108Z", "modify_date": "2018-06-22T01:30:16.842Z", "author": 1, "is_original": true, "blog_url": "."}}, {"model": "blog.blogs", "pk": 12, "fields": {"title": "\u7528Python \u722c\u53d6 JavaScript\uff08JS\uff09\u52a0\u8f7d\u7684\u5185\u5bb9", "blog_type": 10, "content": "<p><strong><span style=\"font-size:18px\">\u5e8f\u8a00\uff1a</span></strong></p>\r\n\r\n<p>\u524d\u6bb5\u65f6\u95f4\u8981\u5e2e\u5973\u670b\u53cb\u722c\u53d6\u4e00\u4e9b\u7535\u5546\u7d20\u6750\uff0c \u56e0\u4e3a\u6d89\u53ca\u5230\u4ef7\u683c\u8fd9\u4e2a\u654f\u611f\u6570\u636e\uff0c\u5bfc\u81f4\u5e38\u89c4\u7684\u9759\u6001\u722c\u53d6\u5931\u8d25\uff08\u83b7\u53d6\u7684\u7f51\u9875\u6e90\u7801\u662f\u4e0d\u5305\u62ec\u4ef7\u683c\u7684\uff09\uff0c \u4e8e\u662f\u9700\u8981\u53e6\u8f9f\u8e4a\u5f84\uff0c\u5982\u679c\u76f4\u63a5\u53bb\u89e3\u6790JS\uff0c\u5219\u6210\u672c\u592a\u9ad8\uff0c\u51b5\u4e14\u5bf9\u4e8e\u4e00\u4e2aJS\u4e0d\u662f\u5f88\u61c2\u7684\u4eba\u6765\u8bf4\uff0c\u6709\u70b9\u4e0d\u77e5\u6240\u63aa\uff0c\u901a\u5e38\u7684\u505a\u6cd5\u662f\u7b49\u5b83\u52a0\u8f7d\u5b8c\u7136\u540e\u4e00\u5e76\u722c\u53d6\u3002</p>\r\n\r\n<p>\u8fd9\u91cc\u5c31\u9700\u8981\u8fd0\u7528\u5230\u4e86 PyQt4 \u8fd9\u4e2a\u5e93\u3002</p>\r\n\r\n<p><img alt=\"\" src=\"/media/upload/2018/06/22/timg.jpg\" style=\"height:282px; width:500px\" /></p>\r\n\r\n<p><span style=\"font-size:18px\"><strong>\u4e00\u3001\u5b89\u88c5PyQt4</strong></span></p>\r\n\r\n<p>\u7528\u5e38\u89c4\u7684 pip install pyqt4 \u5927\u6982\u7387\u4f1a\u5931\u8d25\u3002</p>\r\n\r\n<p>\u56e0\u6b64\uff0c\u91c7\u7528\u76f4\u63a5\u5b89\u88c5whl\uff0c<a href=\"https://www.lfd.uci.edu/~gohlke/pythonlibs/\"> \u4e0b\u8f7d\u4f20\u9001\u95e8</a>\uff0c</p>\r\n\r\n<p>\u7136\u540ecd \u5230\u4e0b\u8f7d\u76ee\u5f55 \u8fdb\u884c \u5b89\u88c5\uff1a</p>\r\n\r\n<pre>\r\n<code class=\"language-bash\">pip install\u00a0PyQt4\u20114.11.4\u2011cp36\u2011cp36m\u2011win_amd64.whl</code></pre>\r\n\r\n<p>&nbsp;</p>\r\n\r\n<p><span style=\"font-size:18px\"><strong>\u4e8c\u3001\u83b7\u53d6JS\u52a0\u8f7d\u540e\u7684\u7f51\u9875\u6e90\u4ee3\u7801</strong></span></p>\r\n\r\n<pre>\r\n<code class=\"language-python\">import sys\r\nfrom PyQt4.QtWebKit import *\r\nfrom PyQt4.QtGui import *\r\nfrom PyQt4.QtCore import *\r\nclass Render(QWebPage):\r\n    def __init__(self,url):\r\n        self.app = QApplication(sys.argv)\r\n        QWebPage.__init__(self)\r\n        self.loadFinished.connect(self._loadFinished)\r\n        self.mainFrame().load(QUrl(url))\r\n        self.app.exec_()\r\n    def _loadFinished(self, result):\r\n        self.frame = self.mainFrame()\r\n        self.app.quit()\r\n\r\n\r\nurl = 'xxx'\r\nr = Render(url)\r\nhtml = r.frame.toHtml()</code></pre>\r\n\r\n<p>\u8fd9\u6837 \u5c31\u53ef\u4ee5\u83b7\u53d6JS\u52a0\u8f7d\u540e\u7684\u7f51\u9875\u6e90\u4ee3\u7801\u4e86\u3002</p>\r\n\r\n<p>\u5269\u4e0b\u7684\u4e8b\u60c5\uff0c\u5c31\u662f\u89e3\u6790\u4ee3\u7801\uff0c&nbsp; \u901a\u8fc7 <span style=\"color:#e67e22\">beautifulsoup</span> \u6216\u8005&nbsp;<span style=\"color:#3498db\"> xpath</span> \u90fd\u53ef\u4ee5\uff0c\u8fd9\u4e2a\u81ea\u7531\u53d1\u6325\uff0c\u8fd9\u91cc\u5c31\u4e0d\u8d58\u53d9\u4e86\u3002</p>", "read_num": 2, "pub_date": "2018-06-22T07:57:14.585Z", "modify_date": "2018-06-22T07:58:32.738Z", "author": 1, "is_original": true, "blog_url": "."}}, {"model": "comment.comment", "pk": 1, "fields": {"content_type": 7, "object_id": 1, "comment_text": "<p>test</p>", "comment_time": "2018-05-30T09:12:36.990Z", "user": 1, "parent": null, "reply_to": null}}, {"model": "comment.comment", "pk": 2, "fields": {"content_type": 7, "object_id": 1, "comment_text": "\u8fd9\u8bc4\u8bba\u7684\u8bc4\u8bba", "comment_time": "2018-05-30T10:18:10.215Z", "user": 2, "parent": 1, "reply_to": 1}}, {"model": "comment.comment", "pk": 3, "fields": {"content_type": 7, "object_id": 1, "comment_text": "<p>\u8fd9\u53c8\u662f\u4e00\u6761\u8bc4\u8bba</p>", "comment_time": "2018-05-30T10:18:43.816Z", "user": 1, "parent": null, "reply_to": null}}, {"model": "comment.comment", "pk": 4, "fields": {"content_type": 7, "object_id": 1, "comment_text": "\u7b2c\u4e8c\u6761\u8bc4\u8bba\u7684\u8bc4\u8bba", "comment_time": "2018-05-30T10:19:43.010Z", "user": 1, "parent": 3, "reply_to": 2}}, {"model": "comment.comment", "pk": 5, "fields": {"content_type": 7, "object_id": 1, "comment_text": "<p>\u7b2c\u4e09\u6761\u8bc4\u8bba</p>", "comment_time": "2018-05-30T10:24:13.835Z", "user": 1, "parent": null, "reply_to": null}}, {"model": "comment.comment", "pk": 6, "fields": {"content_type": 7, "object_id": 1, "comment_text": "<p>\u4f60\u6015\u662f<span style=\"color:#e74c3c\"><strong>\u6709\u6bd2</strong></span>\uff1f</p>", "comment_time": "2018-05-30T14:29:43.782Z", "user": 3, "parent": null, "reply_to": null}}, {"model": "comment.comment", "pk": 7, "fields": {"content_type": 7, "object_id": 1, "comment_text": "<p>\u7136\u540e\u3002\u3002\u8bc4\u8bba\u5b8c\u4e86\u53d1\u73b0\u8bc4\u8bba\u9519\u4e86\u3002\u8fd9\u5c31\u5f88\u5c34\u5c2c<img alt=\"sad\" src=\"http://manbu.pythonanywhere.com/static/ckeditor/ckeditor/plugins/smiley/images/sad_smile.png\" style=\"height:23px; width:23px\" title=\"sad\" /></p>", "comment_time": "2018-05-30T14:30:12.953Z", "user": 3, "parent": null, "reply_to": null}}, {"model": "comment.comment", "pk": 8, "fields": {"content_type": 7, "object_id": 2, "comment_text": "<p>\u54c7\uff0c\u90a3\u4f60\u597d\u80d6\u80d6\u3002\u770b\u4e0d\u61c2\u3002\u7565\u7565<img alt=\"heart\" src=\"http://manbu.pythonanywhere.com/static/ckeditor/ckeditor/plugins/smiley/images/heart.png\" style=\"height:23px; width:23px\" title=\"heart\" /></p>", "comment_time": "2018-05-30T14:31:40.224Z", "user": 3, "parent": null, "reply_to": null}}, {"model": "comment.comment", "pk": 9, "fields": {"content_type": 7, "object_id": 2, "comment_text": "<p>\u65f6\u95f4\u6233\u662f\u4ec0\u4e48\uff1f\u5c31\u662f\u53ef\u4ee5\u78b0\u4e00\u78b0\uff0c\u626d\u4e00\u626d\uff0c\u6ce1\u4e00\u6ce1\u7684\u5417\uff1f</p>", "comment_time": "2018-05-30T14:32:55.720Z", "user": 3, "parent": null, "reply_to": null}}, {"model": "comment.comment", "pk": 10, "fields": {"content_type": 7, "object_id": 3, "comment_text": "<p>\u6211\u6709\u4e00\u53ea\u5c0f\u9ed1\u732a\uff0c\u6211\u4ece\u6765\u4e5f\u4e0d\u9a91\uff0c\u6709\u4e00\u5929\u6211\u5fc3\u8840\u6765\u6f6e\u9a91\u5b83\u53bb\u6253\u6e38\u620f~~\u6211\u624b\u91cc\u62ff\u7740\u5c0f\u841d\u5317\uff0c\u6211\u8138\u4e0a\u771f\u5f97\u610f\uff01\uff01</p>", "comment_time": "2018-05-30T14:34:26.847Z", "user": 3, "parent": null, "reply_to": null}}, {"model": "comment.comment", "pk": 11, "fields": {"content_type": 9, "object_id": 9, "comment_text": "\u4f60\u60f3\u4fee\u6539\u8bc4\u8bba", "comment_time": "2018-05-30T14:35:14.378Z", "user": 1, "parent": 7, "reply_to": 3}}, {"model": "comment.comment", "pk": 12, "fields": {"content_type": 7, "object_id": 11, "comment_text": "\u65f6\u95f4\u6233\u662f\u6307\u683c\u6797\u5a01\u6cbb\u65f6\u95f41970\u5e7401\u670801\u65e500\u65f600\u520600\u79d2(\u5317\u4eac\u65f6\u95f41970\u5e7401\u670801\u65e508\u65f600\u520600\u79d2)\u8d77\u81f3\u73b0\u5728\u7684\u603b\u79d2\u6570\u3002\u901a\u4fd7\u7684\u8bb2\uff0c \u65f6\u95f4\u6233\u662f\u4e00\u4efd\u80fd\u591f\u8868\u793a\u4e00\u4efd\u6570\u636e\u5728\u4e00\u4e2a\u7279\u5b9a\u65f6\u95f4\u70b9\u5df2\u7ecf\u5b58\u5728\u7684\u5b8c\u6574\u7684\u53ef\u9a8c\u8bc1\u7684\u6570\u636e\u3002", "comment_time": "2018-05-30T14:47:23.566Z", "user": 1, "parent": 9, "reply_to": 3}}, {"model": "comment.comment", "pk": 13, "fields": {"content_type": 7, "object_id": 5, "comment_text": "<p>\u6253\u7834\u96f6\u56de\u590d</p>", "comment_time": "2018-05-31T01:53:41.548Z", "user": 1, "parent": null, "reply_to": null}}, {"model": "comment.comment", "pk": 14, "fields": {"content_type": 7, "object_id": 4, "comment_text": "<p>\u8fd9\u4e2a\u4e0d\u9519\uff0c\u6536\u85cf\u4e86</p>", "comment_time": "2018-05-31T05:22:34.861Z", "user": 4, "parent": null, "reply_to": null}}, {"model": "comment.comment", "pk": 16, "fields": {"content_type": 7, "object_id": 7, "comment_text": "<p>\u5f02\u6b65\u52a0\u8f7d\uff0c\u8bd5\u8bd5</p>", "comment_time": "2018-06-02T16:13:02.630Z", "user": 1, "parent": null, "reply_to": null}}, {"model": "comment.comment", "pk": 17, "fields": {"content_type": 7, "object_id": 7, "comment_text": "<p>\u5f02\u6b65\u52a0\u8f7d\uff0c\u8bd5\u8bd5</p>", "comment_time": "2018-06-02T16:13:21.848Z", "user": 1, "parent": null, "reply_to": null}}, {"model": "comment.comment", "pk": 18, "fields": {"content_type": 7, "object_id": 7, "comment_text": "<p>test</p>", "comment_time": "2018-06-02T16:14:09.887Z", "user": 1, "parent": null, "reply_to": null}}, {"model": "comment.comment", "pk": 19, "fields": {"content_type": 7, "object_id": 5, "comment_text": "<p>OOP</p>", "comment_time": "2018-06-02T16:15:57.629Z", "user": 1, "parent": null, "reply_to": null}}, {"model": "comment.comment", "pk": 20, "fields": {"content_type": 7, "object_id": 5, "comment_text": "<p>OOP</p>", "comment_time": "2018-06-02T16:20:29.548Z", "user": 1, "parent": null, "reply_to": null}}, {"model": "comment.comment", "pk": 21, "fields": {"content_type": 7, "object_id": 5, "comment_text": "<p>OOP</p>", "comment_time": "2018-06-02T16:22:17.304Z", "user": 1, "parent": null, "reply_to": null}}, {"model": "comment.comment", "pk": 22, "fields": {"content_type": 7, "object_id": 5, "comment_text": "<p>\u4f60\u597d</p>", "comment_time": "2018-06-02T16:22:31.404Z", "user": 1, "parent": null, "reply_to": null}}, {"model": "comment.comment", "pk": 23, "fields": {"content_type": 7, "object_id": 7, "comment_text": "<p>test</p>", "comment_time": "2018-06-02T16:29:55.762Z", "user": 1, "parent": null, "reply_to": null}}, {"model": "comment.comment", "pk": 24, "fields": {"content_type": 7, "object_id": 1, "comment_text": "<p><img alt=\"heart\" src=\"http://manbu.pythonanywhere.com/static/ckeditor/ckeditor/plugins/smiley/images/heart.png\" style=\"height:23px; width:23px\" title=\"heart\" /></p>", "comment_time": "2018-06-02T16:35:41.068Z", "user": 1, "parent": null, "reply_to": null}}, {"model": "comment.comment", "pk": 25, "fields": {"content_type": 7, "object_id": 1, "comment_text": "<p><img alt=\"mail\" src=\"http://manbu.pythonanywhere.com/static/ckeditor/ckeditor/plugins/smiley/images/envelope.png\" style=\"height:23px; width:23px\" title=\"mail\" /></p>", "comment_time": "2018-06-03T08:10:21.278Z", "user": 1, "parent": null, "reply_to": null}}, {"model": "comment.comment", "pk": 26, "fields": {"content_type": 7, "object_id": 9, "comment_text": "<p>\u624b\u673atest</p>", "comment_time": "2018-06-03T15:51:40.102Z", "user": 1, "parent": null, "reply_to": null}}, {"model": "comment.comment", "pk": 27, "fields": {"content_type": 7, "object_id": 1, "comment_text": "<pre>\r\n<code class=\"language-python\">@register.simle_tag\r\ndef this('test'):\r\n   return 'hello world'\r\n\r\n</code></pre>\r\n\r\n<p>&nbsp;</p>", "comment_time": "2018-06-04T10:05:09.092Z", "user": 1, "parent": null, "reply_to": null}}, {"model": "comment.comment", "pk": 28, "fields": {"content_type": 7, "object_id": 10, "comment_text": "<p>\u5566\u5566</p>", "comment_time": "2018-06-06T09:42:32.194Z", "user": 1, "parent": null, "reply_to": null}}, {"model": "comment.message", "pk": 1, "fields": {"message_text": "<p>test</p>", "message_time": "2018-06-10T04:02:38.701Z", "user": 1, "parent": null, "reply_to": null}}, {"model": "comment.message", "pk": 4, "fields": {"message_text": "<p><img alt=\"\" height=\"22\" src=\"http://manbu.pythonanywhere.com/static/ckeditor/ckeditor/plugins/smiley/images/12.gif\" title=\"\" width=\"22\" /></p>", "message_time": "2018-06-10T04:50:10.710Z", "user": 1, "parent": null, "reply_to": null}}, {"model": "comment.message", "pk": 5, "fields": {"message_text": "<p><img alt=\"\" height=\"22\" src=\"http://manbu.pythonanywhere.com/static/ckeditor/ckeditor/plugins/smiley/images/46.gif\" title=\"\" width=\"22\" /></p>", "message_time": "2018-06-10T09:18:27.352Z", "user": 1, "parent": null, "reply_to": null}}, {"model": "like.likerecord", "pk": 7, "fields": {"content_type": 7, "object_id": 1, "user": 1, "like_time": "2018-06-06T09:17:30.025Z"}}, {"model": "like.likerecord", "pk": 17, "fields": {"content_type": 7, "object_id": 9, "user": 1, "like_time": "2018-06-06T09:29:10.337Z"}}, {"model": "like.likerecord", "pk": 19, "fields": {"content_type": 9, "object_id": 26, "user": 1, "like_time": "2018-06-06T09:29:16.661Z"}}, {"model": "like.likerecord", "pk": 28, "fields": {"content_type": 7, "object_id": 5, "user": 1, "like_time": "2018-06-07T01:13:51.260Z"}}, {"model": "like.likerecord", "pk": 30, "fields": {"content_type": 9, "object_id": 28, "user": 1, "like_time": "2018-06-07T01:14:11.132Z"}}, {"model": "like.likerecord", "pk": 31, "fields": {"content_type": 9, "object_id": 22, "user": 2, "like_time": "2018-06-07T02:46:34.100Z"}}, {"model": "like.likerecord", "pk": 32, "fields": {"content_type": 7, "object_id": 5, "user": 2, "like_time": "2018-06-07T02:46:36.534Z"}}, {"model": "like.likerecord", "pk": 33, "fields": {"content_type": 7, "object_id": 10, "user": 2, "like_time": "2018-06-07T02:46:44.967Z"}}, {"model": "like.likerecord", "pk": 34, "fields": {"content_type": 9, "object_id": 10, "user": 1, "like_time": "2018-06-07T08:02:43.531Z"}}, {"model": "like.likerecord", "pk": 36, "fields": {"content_type": 7, "object_id": 3, "user": 1, "like_time": "2018-06-08T02:49:31.698Z"}}, {"model": "like.likerecord", "pk": 37, "fields": {"content_type": 7, "object_id": 11, "user": 1, "like_time": "2018-06-08T03:08:24.425Z"}}, {"model": "like.likerecord", "pk": 42, "fields": {"content_type": 7, "object_id": 10, "user": 1, "like_time": "2018-06-10T14:17:50.292Z"}}, {"model": "like.likerecord", "pk": 45, "fields": {"content_type": 14, "object_id": 4, "user": 1, "like_time": "2018-06-11T09:07:59.136Z"}}, {"model": "like.likerecord", "pk": 48, "fields": {"content_type": 7, "object_id": 12, "user": 1, "like_time": "2018-06-22T07:59:28.735Z"}}, {"model": "admin.logentry", "pk": 1, "fields": {"action_time": "2018-05-30T08:46:05.178Z", "user": 1, "content_type": 8, "object_id": "1", "object_repr": "\u968f\u7b14", "action_flag": 1, "change_message": "[{\"added\": {}}]"}}, {"model": "admin.logentry", "pk": 2, "fields": {"action_time": "2018-05-30T08:46:20.379Z", "user": 1, "content_type": 7, "object_id": "1", "object_repr": "\u8fd9\u662f\u6f2b\u6b65\u7684blog", "action_flag": 1, "change_message": "[{\"added\": {}}]"}}, {"model": "admin.logentry", "pk": 3, "fields": {"action_time": "2018-05-30T09:30:23.462Z", "user": 1, "content_type": 8, "object_id": "2", "object_repr": "Django", "action_flag": 1, "change_message": "[{\"added\": {}}]"}}, {"model": "admin.logentry", "pk": 4, "fields": {"action_time": "2018-05-30T09:30:35.654Z", "user": 1, "content_type": 8, "object_id": "3", "object_repr": "Python", "action_flag": 1, "change_message": "[{\"added\": {}}]"}}, {"model": "admin.logentry", "pk": 5, "fields": {"action_time": "2018-05-30T09:30:51.234Z", "user": 1, "content_type": 8, "object_id": "4", "object_repr": "Html", "action_flag": 1, "change_message": "[{\"added\": {}}]"}}, {"model": "admin.logentry", "pk": 6, "fields": {"action_time": "2018-05-30T09:30:56.242Z", "user": 1, "content_type": 8, "object_id": "5", "object_repr": "CSS", "action_flag": 1, "change_message": "[{\"added\": {}}]"}}, {"model": "admin.logentry", "pk": 7, "fields": {"action_time": "2018-05-30T09:31:13.662Z", "user": 1, "content_type": 8, "object_id": "6", "object_repr": "Javascript", "action_flag": 1, "change_message": "[{\"added\": {}}]"}}, {"model": "admin.logentry", "pk": 8, "fields": {"action_time": "2018-05-30T09:31:22.288Z", "user": 1, "content_type": 8, "object_id": "7", "object_repr": "\u673a\u5668\u5b66\u4e60", "action_flag": 1, "change_message": "[{\"added\": {}}]"}}, {"model": "admin.logentry", "pk": 9, "fields": {"action_time": "2018-05-30T09:31:32.460Z", "user": 1, "content_type": 8, "object_id": "8", "object_repr": "\u6570\u636e\u5e93", "action_flag": 1, "change_message": "[{\"added\": {}}]"}}, {"model": "admin.logentry", "pk": 10, "fields": {"action_time": "2018-05-30T09:31:50.312Z", "user": 1, "content_type": 8, "object_id": "9", "object_repr": "\u6570\u636e\u5206\u6790", "action_flag": 1, "change_message": "[{\"added\": {}}]"}}, {"model": "admin.logentry", "pk": 11, "fields": {"action_time": "2018-05-30T09:31:55.271Z", "user": 1, "content_type": 8, "object_id": "10", "object_repr": "\u722c\u866b", "action_flag": 1, "change_message": "[{\"added\": {}}]"}}, {"model": "admin.logentry", "pk": 12, "fields": {"action_time": "2018-05-30T09:32:35.827Z", "user": 1, "content_type": 8, "object_id": "11", "object_repr": "\u601d\u60f3or\u7b97\u6cd5", "action_flag": 1, "change_message": "[{\"added\": {}}]"}}, {"model": "admin.logentry", "pk": 13, "fields": {"action_time": "2018-05-30T09:33:05.958Z", "user": 1, "content_type": 8, "object_id": "12", "object_repr": "Linux", "action_flag": 1, "change_message": "[{\"added\": {}}]"}}, {"model": "admin.logentry", "pk": 14, "fields": {"action_time": "2018-05-30T10:18:10.218Z", "user": 1, "content_type": 9, "object_id": "2", "object_repr": "\u8fd9\u8bc4\u8bba\u7684\u8bc4\u8bba", "action_flag": 1, "change_message": "[{\"added\": {}}]"}}, {"model": "admin.logentry", "pk": 15, "fields": {"action_time": "2018-05-30T10:19:43.011Z", "user": 1, "content_type": 9, "object_id": "4", "object_repr": "\u7b2c\u4e8c\u6761\u8bc4\u8bba\u7684\u8bc4\u8bba", "action_flag": 1, "change_message": "[{\"added\": {}}]"}}, {"model": "admin.logentry", "pk": 16, "fields": {"action_time": "2018-05-30T10:36:04.298Z", "user": 1, "content_type": 7, "object_id": "2", "object_repr": "time\uff0cdatetime\u4e2d\u5b57\u7b26\u4e32\uff0c\u65f6\u95f4\u5bf9\u8c61\uff0c\u548c\u65f6\u95f4\u6233\u7684\u8f6c\u6362\u5b66\u4e60\u6574\u7406", "action_flag": 1, "change_message": "[{\"added\": {}}]"}}, {"model": "admin.logentry", "pk": 17, "fields": {"action_time": "2018-05-30T11:10:22.701Z", "user": 1, "content_type": 7, "object_id": "2", "object_repr": "Pyton\u4e2dtime\uff0cdatetime\u4e2d\u5b57\u7b26\u4e32\uff0c\u65f6\u95f4\u5bf9\u8c61\uff0c\u548c\u65f6\u95f4\u6233\u7684\u5173\u7cfb\u6574\u7406", "action_flag": 2, "change_message": "[{\"changed\": {\"fields\": [\"title\"]}}]"}}, {"model": "admin.logentry", "pk": 18, "fields": {"action_time": "2018-05-30T11:12:00.194Z", "user": 1, "content_type": 7, "object_id": "2", "object_repr": "Pyton\u4e2dtime\uff0cdatetime\u4e2d\u5b57\u7b26\u4e32\uff0c\u65f6\u95f4\u5bf9\u8c61\uff0c\u548c\u65f6\u95f4\u6233\u7684\u5173\u7cfb\u6574\u7406", "action_flag": 2, "change_message": "[]"}}, {"model": "admin.logentry", "pk": 19, "fields": {"action_time": "2018-05-30T11:12:19.595Z", "user": 1, "content_type": 7, "object_id": "2", "object_repr": "Python\u4e2dtime\uff0cdatetime\u4e2d\u5b57\u7b26\u4e32\uff0c\u65f6\u95f4\u5bf9\u8c61\uff0c\u548c\u65f6\u95f4\u6233\u7684\u5173\u7cfb\u6574\u7406", "action_flag": 2, "change_message": "[{\"changed\": {\"fields\": [\"title\"]}}]"}}, {"model": "admin.logentry", "pk": 20, "fields": {"action_time": "2018-05-30T11:13:10.670Z", "user": 1, "content_type": 7, "object_id": "2", "object_repr": "Python\u4e2dtime\uff0cdatetime\u7684\u5b57\u7b26\u4e32\uff0c\u65f6\u95f4\u5bf9\u8c61\uff0c\u548c\u65f6\u95f4\u6233\u7684\u5173\u7cfb\u6574\u7406", "action_flag": 2, "change_message": "[{\"changed\": {\"fields\": [\"title\"]}}]"}}, {"model": "admin.logentry", "pk": 21, "fields": {"action_time": "2018-05-30T14:28:54.805Z", "user": 1, "content_type": 7, "object_id": "3", "object_repr": "\u6b22\u8fce\u515c\u515c\u5165\u9a7b\u6f2b\u6b65\u535a\u5ba2", "action_flag": 1, "change_message": "[{\"added\": {}}]"}}, {"model": "admin.logentry", "pk": 22, "fields": {"action_time": "2018-05-30T14:35:14.380Z", "user": 1, "content_type": 9, "object_id": "11", "object_repr": "\u4f60\u60f3\u4fee\u6539\u8bc4\u8bba", "action_flag": 1, "change_message": "[{\"added\": {}}]"}}, {"model": "admin.logentry", "pk": 23, "fields": {"action_time": "2018-05-30T14:47:23.567Z", "user": 1, "content_type": 9, "object_id": "12", "object_repr": "\u65f6\u95f4\u6233\u662f\u6307\u683c\u6797\u5a01\u6cbb\u65f6\u95f41970\u5e7401\u670801\u65e500\u65f600\u520600\u79d2(\u5317\u4eac\u65f6\u95f41970\u5e7401\u670801\u65e508\u65f600\u520600\u79d2)\u8d77\u81f3\u73b0\u5728\u7684\u603b\u79d2\u6570\u3002\u901a\u4fd7\u7684\u8bb2\uff0c \u65f6\u95f4\u6233\u662f\u4e00\u4efd\u80fd\u591f\u8868\u793a\u4e00\u4efd\u6570\u636e\u5728\u4e00\u4e2a\u7279\u5b9a\u65f6\u95f4\u70b9\u5df2\u7ecf\u5b58\u5728\u7684\u5b8c\u6574\u7684\u53ef\u9a8c\u8bc1\u7684\u6570\u636e\u3002", "action_flag": 1, "change_message": "[{\"added\": {}}]"}}, {"model": "admin.logentry", "pk": 24, "fields": {"action_time": "2018-05-30T15:02:53.724Z", "user": 1, "content_type": 7, "object_id": "4", "object_repr": "Python\u4e2dcsv\u6587\u4ef6\u4e0e\u5b57\u5178\uff0c\u5217\u8868\u7b49\u4e4b\u95f4\u7684\u8f6c\u6362\u5c0f\u7ed3", "action_flag": 1, "change_message": "[{\"added\": {}}]"}}, {"model": "admin.logentry", "pk": 25, "fields": {"action_time": "2018-05-31T00:57:57.354Z", "user": 1, "content_type": 7, "object_id": "5", "object_repr": "\u6d45\u8c08OO\u601d\u60f3", "action_flag": 1, "change_message": "[{\"added\": {}}]"}}, {"model": "admin.logentry", "pk": 26, "fields": {"action_time": "2018-05-31T03:01:10.523Z", "user": 1, "content_type": 7, "object_id": "1", "object_repr": "\u8fd9\u662f\u6f2b\u6b65\u7684blog", "action_flag": 2, "change_message": "[{\"changed\": {\"fields\": [\"content\"]}}]"}}, {"model": "admin.logentry", "pk": 27, "fields": {"action_time": "2018-05-31T03:12:46.475Z", "user": 1, "content_type": 7, "object_id": "1", "object_repr": "\u8fd9\u662f\u6f2b\u6b65\u7684blog", "action_flag": 2, "change_message": "[{\"changed\": {\"fields\": [\"content\"]}}]"}}, {"model": "admin.logentry", "pk": 28, "fields": {"action_time": "2018-06-01T06:48:52.668Z", "user": 1, "content_type": 7, "object_id": "3", "object_repr": "\u6b22\u8fce\u515c\u515c\u5165\u9a7b\u6f2b\u6b65\u535a\u5ba2", "action_flag": 2, "change_message": "[{\"changed\": {\"fields\": [\"content\"]}}]"}}, {"model": "admin.logentry", "pk": 29, "fields": {"action_time": "2018-06-01T07:27:14.393Z", "user": 1, "content_type": 7, "object_id": "6", "object_repr": "Django\u4e2d\u7528filter\u4e0esimple_tag\u4e3a\u524d\u7aef\u5b9a\u4e49\u51fd\u6570", "action_flag": 1, "change_message": "[{\"added\": {}}]"}}, {"model": "admin.logentry", "pk": 30, "fields": {"action_time": "2018-06-01T07:29:02.548Z", "user": 1, "content_type": 7, "object_id": "6", "object_repr": "Django\u4e2d\u7528filter\u4e0esimple_tag\u4e3a\u524d\u7aef\u5b9a\u4e49\u51fd\u6570", "action_flag": 2, "change_message": "[{\"changed\": {\"fields\": [\"content\"]}}]"}}, {"model": "admin.logentry", "pk": 31, "fields": {"action_time": "2018-06-01T07:30:11.583Z", "user": 1, "content_type": 7, "object_id": "6", "object_repr": "Django\u4e2d\u7528filter\u4e0esimple_tag\u4e3a\u524d\u7aef\u5b9a\u4e49\u51fd\u6570", "action_flag": 3, "change_message": ""}}, {"model": "admin.logentry", "pk": 32, "fields": {"action_time": "2018-06-01T07:37:02.992Z", "user": 1, "content_type": 7, "object_id": "7", "object_repr": "Django\u4e2d\u7528filter\u4e0esimple_tag\u4e3a\u524d\u7aef\u5b9a\u4e49\u51fd\u6570", "action_flag": 1, "change_message": "[{\"added\": {}}]"}}, {"model": "admin.logentry", "pk": 33, "fields": {"action_time": "2018-06-01T07:38:09.782Z", "user": 1, "content_type": 7, "object_id": "7", "object_repr": "Django\u4e2d\u7528filter\u4e0esimple_tag\u4e3a\u524d\u7aef\u5b9a\u4e49\u51fd\u6570", "action_flag": 2, "change_message": "[{\"changed\": {\"fields\": [\"content\"]}}]"}}, {"model": "admin.logentry", "pk": 34, "fields": {"action_time": "2018-06-01T07:39:34.184Z", "user": 1, "content_type": 7, "object_id": "7", "object_repr": "Django\u4e2d\u7528filter\u4e0esimple_tag\u4e3a\u524d\u7aef\u5b9a\u4e49\u51fd\u6570", "action_flag": 2, "change_message": "[{\"changed\": {\"fields\": [\"content\"]}}]"}}, {"model": "admin.logentry", "pk": 35, "fields": {"action_time": "2018-06-01T07:40:28.492Z", "user": 1, "content_type": 7, "object_id": "7", "object_repr": "Django\u4e2d\u7528filter\u4e0esimple_tag\u4e3a\u524d\u7aef\u5b9a\u4e49\u51fd\u6570", "action_flag": 2, "change_message": "[{\"changed\": {\"fields\": [\"content\"]}}]"}}, {"model": "admin.logentry", "pk": 36, "fields": {"action_time": "2018-06-01T08:53:28.090Z", "user": 1, "content_type": 7, "object_id": "7", "object_repr": "Django\u4e2d\u7528filter\u4e0esimple_tag\u4e3a\u524d\u7aef\u5b9a\u4e49\u51fd\u6570", "action_flag": 2, "change_message": "[{\"changed\": {\"fields\": [\"content\"]}}]"}}, {"model": "admin.logentry", "pk": 37, "fields": {"action_time": "2018-06-01T08:55:28.105Z", "user": 1, "content_type": 7, "object_id": "7", "object_repr": "Django\u4e2d\u7528filter\u4e0esimple_tag\u4e3a\u524d\u7aef\u5b9a\u4e49\u51fd\u6570", "action_flag": 2, "change_message": "[{\"changed\": {\"fields\": [\"content\"]}}]"}}, {"model": "admin.logentry", "pk": 38, "fields": {"action_time": "2018-06-01T09:05:56.771Z", "user": 1, "content_type": 7, "object_id": "8", "object_repr": "\u662f\u7684\u5c71\u4e1c\u7701", "action_flag": 1, "change_message": "[{\"added\": {}}]"}}, {"model": "admin.logentry", "pk": 39, "fields": {"action_time": "2018-06-01T09:06:17.438Z", "user": 1, "content_type": 7, "object_id": "8", "object_repr": "\u662f\u7684\u5c71\u4e1c\u7701", "action_flag": 3, "change_message": ""}}, {"model": "admin.logentry", "pk": 40, "fields": {"action_time": "2018-06-01T09:09:38.162Z", "user": 1, "content_type": 9, "object_id": "15", "object_repr": "<p style=\"text-align:right\">\u5b9e\u6253\u5b9e\u7684\u51af\u7ecd\u5cf0\u7684</p>", "action_flag": 3, "change_message": ""}}, {"model": "admin.logentry", "pk": 41, "fields": {"action_time": "2018-06-03T04:45:27.967Z", "user": 1, "content_type": 7, "object_id": "9", "object_repr": "\u673a\u5668\u5b66\u4e60(\u4e00) \u2014\u2014 \u6d45\u8c08\u8d1d\u53f6\u65af\u548cMCMC", "action_flag": 1, "change_message": "[{\"added\": {}}]"}}, {"model": "admin.logentry", "pk": 42, "fields": {"action_time": "2018-06-04T01:00:21.920Z", "user": 1, "content_type": 7, "object_id": "9", "object_repr": "\u673a\u5668\u5b66\u4e60(\u4e00) \u2014\u2014 \u6d45\u8c08\u8d1d\u53f6\u65af\u548cMCMC", "action_flag": 2, "change_message": "[{\"changed\": {\"fields\": [\"author\"]}}]"}}, {"model": "admin.logentry", "pk": 43, "fields": {"action_time": "2018-06-04T01:43:24.947Z", "user": 1, "content_type": 7, "object_id": "9", "object_repr": "\u673a\u5668\u5b66\u4e60(\u4e00) \u2014\u2014 \u6d45\u8c08\u8d1d\u53f6\u65af\u548cMCMC", "action_flag": 2, "change_message": "[{\"changed\": {\"fields\": [\"is_original\", \"blog_url\"]}}]"}}, {"model": "admin.logentry", "pk": 44, "fields": {"action_time": "2018-06-04T01:44:05.582Z", "user": 1, "content_type": 7, "object_id": "9", "object_repr": "\u673a\u5668\u5b66\u4e60(\u4e00) \u2014\u2014 \u6d45\u8c08\u8d1d\u53f6\u65af\u548cMCMC", "action_flag": 2, "change_message": "[{\"changed\": {\"fields\": [\"content\"]}}]"}}, {"model": "admin.logentry", "pk": 45, "fields": {"action_time": "2018-06-04T01:46:53.929Z", "user": 1, "content_type": 7, "object_id": "5", "object_repr": "\u6d45\u8c08OO\u601d\u60f3", "action_flag": 2, "change_message": "[{\"changed\": {\"fields\": [\"is_original\", \"blog_url\"]}}]"}}, {"model": "admin.logentry", "pk": 46, "fields": {"action_time": "2018-06-04T01:48:15.191Z", "user": 1, "content_type": 4, "object_id": "7", "object_repr": "\u89c1\u539f\u6587", "action_flag": 3, "change_message": ""}}, {"model": "admin.logentry", "pk": 47, "fields": {"action_time": "2018-06-04T01:48:31.898Z", "user": 1, "content_type": 4, "object_id": "7", "object_repr": "\u89c1\u539f\u6587", "action_flag": 3, "change_message": ""}}, {"model": "admin.logentry", "pk": 48, "fields": {"action_time": "2018-06-04T01:49:12.871Z", "user": 1, "content_type": 7, "object_id": "9", "object_repr": "\u673a\u5668\u5b66\u4e60(\u4e00) \u2014\u2014 \u6d45\u8c08\u8d1d\u53f6\u65af\u548cMCMC", "action_flag": 2, "change_message": "[{\"changed\": {\"fields\": [\"author\"]}}]"}}, {"model": "admin.logentry", "pk": 49, "fields": {"action_time": "2018-06-04T01:49:25.838Z", "user": 1, "content_type": 4, "object_id": "7", "object_repr": "\u89c1\u539f\u6587", "action_flag": 3, "change_message": ""}}, {"model": "admin.logentry", "pk": 50, "fields": {"action_time": "2018-06-04T07:02:44.675Z", "user": 1, "content_type": 7, "object_id": "9", "object_repr": "\u673a\u5668\u5b66\u4e60(\u4e00) \u2014\u2014 \u6d45\u8c08\u8d1d\u53f6\u65af\u548cMCMC", "action_flag": 2, "change_message": "[{\"changed\": {\"fields\": [\"content\"]}}]"}}, {"model": "admin.logentry", "pk": 51, "fields": {"action_time": "2018-06-04T07:03:42.236Z", "user": 1, "content_type": 7, "object_id": "5", "object_repr": "\u6d45\u8c08OO\u601d\u60f3", "action_flag": 2, "change_message": "[{\"changed\": {\"fields\": [\"content\"]}}]"}}, {"model": "admin.logentry", "pk": 52, "fields": {"action_time": "2018-06-04T07:05:25.532Z", "user": 1, "content_type": 7, "object_id": "4", "object_repr": "Python\u4e2dcsv\u6587\u4ef6\u4e0e\u5b57\u5178\uff0c\u5217\u8868\u7b49\u4e4b\u95f4\u7684\u8f6c\u6362\u5c0f\u7ed3", "action_flag": 2, "change_message": "[{\"changed\": {\"fields\": [\"content\", \"blog_url\"]}}]"}}, {"model": "admin.logentry", "pk": 53, "fields": {"action_time": "2018-06-04T07:06:17.216Z", "user": 1, "content_type": 7, "object_id": "2", "object_repr": "Python\u4e2dtime\uff0cdatetime\u7684\u5b57\u7b26\u4e32\uff0c\u65f6\u95f4\u5bf9\u8c61\uff0c\u548c\u65f6\u95f4\u6233\u7684\u5173\u7cfb\u6574\u7406", "action_flag": 2, "change_message": "[{\"changed\": {\"fields\": [\"content\", \"blog_url\"]}}]"}}, {"model": "admin.logentry", "pk": 54, "fields": {"action_time": "2018-06-04T07:08:59.036Z", "user": 1, "content_type": 7, "object_id": "1", "object_repr": "\u8fd9\u662f\u6f2b\u6b65\u7684blog", "action_flag": 2, "change_message": "[{\"changed\": {\"fields\": [\"content\", \"blog_url\"]}}]"}}, {"model": "admin.logentry", "pk": 55, "fields": {"action_time": "2018-06-04T07:14:34.353Z", "user": 1, "content_type": 7, "object_id": "2", "object_repr": "Python\u4e2dtime\uff0cdatetime\u7684\u5b57\u7b26\u4e32\uff0c\u65f6\u95f4\u5bf9\u8c61\uff0c\u548c\u65f6\u95f4\u6233\u7684\u5173\u7cfb\u6574\u7406", "action_flag": 2, "change_message": "[{\"changed\": {\"fields\": [\"content\"]}}]"}}, {"model": "admin.logentry", "pk": 56, "fields": {"action_time": "2018-06-04T07:14:47.572Z", "user": 1, "content_type": 7, "object_id": "5", "object_repr": "\u6d45\u8c08OO\u601d\u60f3", "action_flag": 2, "change_message": "[]"}}, {"model": "admin.logentry", "pk": 57, "fields": {"action_time": "2018-06-04T07:56:26.521Z", "user": 1, "content_type": 7, "object_id": "10", "object_repr": "Django\u4e2d\u4f7f\u7528\u6587\u7ae0\u56fe\u7247\u4f5c\u4e3a\u5bfc\u822a\u9875\u7f29\u7565\u56fe", "action_flag": 1, "change_message": "[{\"added\": {}}]"}}, {"model": "admin.logentry", "pk": 58, "fields": {"action_time": "2018-06-04T07:59:10.633Z", "user": 1, "content_type": 7, "object_id": "10", "object_repr": "Django\u4e2d\u4f7f\u7528\u6587\u7ae0\u56fe\u7247\u4f5c\u4e3a\u5bfc\u822a\u9875\u7f29\u7565\u56fe", "action_flag": 2, "change_message": "[{\"changed\": {\"fields\": [\"content\"]}}]"}}, {"model": "admin.logentry", "pk": 59, "fields": {"action_time": "2018-06-04T07:59:19.662Z", "user": 1, "content_type": 7, "object_id": "1", "object_repr": "\u8fd9\u662f\u6f2b\u6b65\u7684blog", "action_flag": 2, "change_message": "[{\"changed\": {\"fields\": [\"content\"]}}]"}}, {"model": "admin.logentry", "pk": 60, "fields": {"action_time": "2018-06-04T07:59:26.931Z", "user": 1, "content_type": 7, "object_id": "2", "object_repr": "Python\u4e2dtime\uff0cdatetime\u7684\u5b57\u7b26\u4e32\uff0c\u65f6\u95f4\u5bf9\u8c61\uff0c\u548c\u65f6\u95f4\u6233\u7684\u5173\u7cfb\u6574\u7406", "action_flag": 2, "change_message": "[{\"changed\": {\"fields\": [\"content\"]}}]"}}, {"model": "admin.logentry", "pk": 61, "fields": {"action_time": "2018-06-04T07:59:35.563Z", "user": 1, "content_type": 7, "object_id": "4", "object_repr": "Python\u4e2dcsv\u6587\u4ef6\u4e0e\u5b57\u5178\uff0c\u5217\u8868\u7b49\u4e4b\u95f4\u7684\u8f6c\u6362\u5c0f\u7ed3", "action_flag": 2, "change_message": "[{\"changed\": {\"fields\": [\"content\"]}}]"}}, {"model": "admin.logentry", "pk": 62, "fields": {"action_time": "2018-06-04T07:59:45.489Z", "user": 1, "content_type": 7, "object_id": "5", "object_repr": "\u6d45\u8c08OO\u601d\u60f3", "action_flag": 2, "change_message": "[{\"changed\": {\"fields\": [\"content\"]}}]"}}, {"model": "admin.logentry", "pk": 63, "fields": {"action_time": "2018-06-04T08:00:00.731Z", "user": 1, "content_type": 7, "object_id": "9", "object_repr": "\u673a\u5668\u5b66\u4e60(\u4e00) \u2014\u2014 \u6d45\u8c08\u8d1d\u53f6\u65af\u548cMCMC", "action_flag": 2, "change_message": "[{\"changed\": {\"fields\": [\"content\"]}}]"}}, {"model": "admin.logentry", "pk": 64, "fields": {"action_time": "2018-06-04T10:16:52.485Z", "user": 1, "content_type": 7, "object_id": "10", "object_repr": "Django\u4e2d\u4f7f\u7528\u6587\u7ae0\u56fe\u7247\u4f5c\u4e3a\u5bfc\u822a\u9875\u7f29\u7565\u56fe", "action_flag": 2, "change_message": "[{\"changed\": {\"fields\": [\"content\"]}}]"}}, {"model": "admin.logentry", "pk": 65, "fields": {"action_time": "2018-06-05T01:53:26.801Z", "user": 1, "content_type": 7, "object_id": "10", "object_repr": "Django\u4e2d\u4f7f\u7528\u6587\u7ae0\u56fe\u7247\u4f5c\u4e3a\u5bfc\u822a\u9875\u7f29\u7565\u56fe", "action_flag": 2, "change_message": "[{\"changed\": {\"fields\": [\"content\"]}}]"}}, {"model": "admin.logentry", "pk": 66, "fields": {"action_time": "2018-06-06T07:12:11.845Z", "user": 1, "content_type": 7, "object_id": "10", "object_repr": "Django\u4e2d\u4f7f\u7528\u6587\u7ae0\u56fe\u7247\u4f5c\u4e3a\u5bfc\u822a\u9875\u7f29\u7565\u56fe", "action_flag": 2, "change_message": "[{\"changed\": {\"fields\": [\"content\"]}}]"}}, {"model": "admin.logentry", "pk": 67, "fields": {"action_time": "2018-06-07T07:35:37.245Z", "user": 1, "content_type": 7, "object_id": "9", "object_repr": "\u673a\u5668\u5b66\u4e60(\u4e00) \u2014\u2014 \u6d45\u8c08\u8d1d\u53f6\u65af\u548cMCMC", "action_flag": 2, "change_message": "[{\"changed\": {\"fields\": [\"content\"]}}]"}}, {"model": "admin.logentry", "pk": 68, "fields": {"action_time": "2018-06-07T08:52:08.112Z", "user": 1, "content_type": 7, "object_id": "11", "object_repr": "Django-ckeditor \u5982\u4f55\u5b9e\u73b0\u6dfb\u52a0\u4ee3\u7801\u5757\u548c\u4ee3\u7801\u9ad8\u4eae\u663e\u793a", "action_flag": 1, "change_message": "[{\"added\": {}}]"}}, {"model": "admin.logentry", "pk": 69, "fields": {"action_time": "2018-06-07T08:59:49.929Z", "user": 1, "content_type": 7, "object_id": "11", "object_repr": "Django-ckeditor \u5982\u4f55\u5b9e\u73b0\u6dfb\u52a0\u4ee3\u7801\u5757\u548c\u4ee3\u7801\u9ad8\u4eae\u663e\u793a", "action_flag": 2, "change_message": "[{\"changed\": {\"fields\": [\"content\"]}}]"}}, {"model": "admin.logentry", "pk": 70, "fields": {"action_time": "2018-06-08T02:41:47.360Z", "user": 1, "content_type": 7, "object_id": "3", "object_repr": "\u6b22\u8fce\u515c\u515c\u5165\u9a7b\u6f2b\u6b65\u535a\u5ba2", "action_flag": 2, "change_message": "[{\"changed\": {\"fields\": [\"content\", \"blog_url\"]}}]"}}, {"model": "admin.logentry", "pk": 71, "fields": {"action_time": "2018-06-08T02:44:03.470Z", "user": 1, "content_type": 7, "object_id": "4", "object_repr": "Python\u4e2dcsv\u6587\u4ef6\u4e0e\u5b57\u5178\uff0c\u5217\u8868\u7b49\u4e4b\u95f4\u7684\u8f6c\u6362\u5c0f\u7ed3", "action_flag": 2, "change_message": "[{\"changed\": {\"fields\": [\"content\"]}}]"}}, {"model": "admin.logentry", "pk": 72, "fields": {"action_time": "2018-06-10T04:49:57.867Z", "user": 1, "content_type": 14, "object_id": "3", "object_repr": "<p><img alt=\"\" height=\"22\" src=\"http://manbu.pythonanywhere.com/static/ckeditor/ckeditor/plugins/smiley/images/10.gif\" title=\"\" width=\"22\" /><img alt=\"\" height=\"22\" src=\"http://manbu.pythonanywhere.co", "action_flag": 3, "change_message": ""}}, {"model": "admin.logentry", "pk": 73, "fields": {"action_time": "2018-06-10T04:49:57.875Z", "user": 1, "content_type": 14, "object_id": "2", "object_repr": "<p><img alt=\"\" height=\"22\" src=\"http://manbu.pythonanywhere.com/static/ckeditor/ckeditor/plugins/smiley/images/9.gif\" title=\"\" width=\"22\" /><img alt=\"\" height=\"22\" src=\"http://manbu.pythonanywhere.com", "action_flag": 3, "change_message": ""}}, {"model": "admin.logentry", "pk": 74, "fields": {"action_time": "2018-06-10T14:12:43.824Z", "user": 1, "content_type": 14, "object_id": "6", "object_repr": "<p>\u9996\u9875&nbsp;&gt;&nbsp;\u535a\u5ba2\u5217\u8868&nbsp;&gt; \u7559\u8a00\u677f</p>\r\n\r\n<p>\u7559\u8a00:</p>\r\n\r\n<p>manbu,\u6b22\u8fce\u7559\u8a00\uff1a</p>\r\n\r\n<p>\u9996\u9875&nbsp;&gt;&nbsp;\u535a\u5ba2\u5217\u8868&nbsp;&gt; \u7559\u8a00\u677f</p>\r\n\r\n<p>\u7559\u8a00:</p>\r\n\r\n<p>manbu,\u6b22\u8fce\u7559\u8a00\uff1a</p>\r\n\r\n<p>\u9996\u9875&nbsp;&gt;&nbsp;\u535a\u5ba2\u5217\u8868&nbsp;&gt", "action_flag": 3, "change_message": ""}}, {"model": "admin.logentry", "pk": 75, "fields": {"action_time": "2018-06-22T07:57:14.591Z", "user": 1, "content_type": 7, "object_id": "12", "object_repr": "\u7528Python \u722c\u53d6 JavaScript\uff08JS\uff09\u52a0\u8f7d\u7684\u5185\u5bb9", "action_flag": 1, "change_message": "[{\"added\": {}}]"}}]